question_id,poll_id,cycle,state,pollster_id,pollster,sponsor_ids,sponsors,display_name,pollster_rating_id,pollster_rating_name,fte_grade,sample_size,population,population_full,methodology,office_type,start_date,end_date,sponsor_candidate,internal,partisan,tracking,nationwide_batch,created_at,notes,url,stage,party,answer,candidate_name,pct
112825,62563,2020,NA,320,Monmouth University,NA,NA,Monmouth University,215,Monmouth University,A+,345,rv,rv-d,Live Phone,U.S. President,10/30/19,2019-11-03,NA,FALSE,NA,FALSE,FALSE,11/6/19 11:02,NA,https://www.monmouth.edu/polling-institute/documents/monmouthpoll_us_110619.pdf/,primary,DEM,Biden,Joe Biden,23
112825,62563,2020,NA,320,Monmouth University,NA,NA,Monmouth University,215,Monmouth University,A+,345,rv,rv-d,Live Phone,U.S. President,10/30/19,2019-11-03,NA,FALSE,NA,FALSE,FALSE,11/6/19 11:02,NA,https://www.monmouth.edu/polling-institute/documents/monmouthpoll_us_110619.pdf/,primary,DEM,Warren,Elizabeth Warren,23
112825,62563,2020,NA,320,Monmouth University,NA,NA,Monmouth University,215,Monmouth University,A+,345,rv,rv-d,Live Phone,U.S. President,10/30/19,2019-11-03,NA,FALSE,NA,FALSE,FALSE,11/6/19 11:02,NA,https://www.monmouth.edu/polling-institute/documents/monmouthpoll_us_110619.pdf/,primary,DEM,Sanders,Bernie Sanders,20
112825,62563,2020,NA,320,Monmouth University,NA,NA,Monmouth University,215,Monmouth University,A+,345,rv,rv-d,Live Phone,U.S. President,10/30/19,2019-11-03,NA,FALSE,NA,FALSE,FALSE,11/6/19 11:02,NA,https://www.monmouth.edu/polling-institute/documents/monmouthpoll_us_110619.pdf/,primary,DEM,Buttigieg,Pete Buttigieg,9
112825,62563,2020,NA,320,Monmouth University,NA,NA,Monmouth University,215,Monmouth University,A+,345,rv,rv-d,Live Phone,U.S. President,10/30/19,2019-11-03,NA,FALSE,NA,FALSE,FALSE,11/6/19 11:02,NA,https://www.monmouth.edu/polling-institute/documents/monmouthpoll_us_110619.pdf/,primary,DEM,Harris,Kamala Harris,5
112825,62563,2020,NA,320,Monmouth University,NA,NA,Monmouth University,215,Monmouth University,A+,345,rv,rv-d,Live Phone,U.S. President,10/30/19,2019-11-03,NA,FALSE,NA,FALSE,FALSE,11/6/19 11:02,NA,https://www.monmouth.edu/polling-institute/documents/monmouthpoll_us_110619.pdf/,primary,DEM,Booker,Cory Booker,3
112825,62563,2020,NA,320,Monmouth University,NA,NA,Monmouth University,215,Monmouth University,A+,345,rv,rv-d,Live Phone,U.S. President,10/30/19,2019-11-03,NA,FALSE,NA,FALSE,FALSE,11/6/19 11:02,NA,https://www.monmouth.edu/polling-institute/documents/monmouthpoll_us_110619.pdf/,primary,DEM,Yang,Andrew Yang,3
112825,62563,2020,NA,320,Monmouth University,NA,NA,Monmouth University,215,Monmouth University,A+,345,rv,rv-d,Live Phone,U.S. President,10/30/19,2019-11-03,NA,FALSE,NA,FALSE,FALSE,11/6/19 11:02,NA,https://www.monmouth.edu/polling-institute/documents/monmouthpoll_us_110619.pdf/,primary,DEM,Klobuchar,Amy Klobuchar,2
112825,62563,2020,NA,320,Monmouth University,NA,NA,Monmouth University,215,Monmouth University,A+,345,rv,rv-d,Live Phone,U.S. President,10/30/19,2019-11-03,NA,FALSE,NA,FALSE,FALSE,11/6/19 11:02,NA,https://www.monmouth.edu/polling-institute/documents/monmouthpoll_us_110619.pdf/,primary,DEM,Gabbard,Tulsi Gabbard,0
112825,62563,2020,NA,320,Monmouth University,NA,NA,Monmouth University,215,Monmouth University,A+,345,rv,rv-d,Live Phone,U.S. President,10/30/19,2019-11-03,NA,FALSE,NA,FALSE,FALSE,11/6/19 11:02,NA,https://www.monmouth.edu/polling-institute/documents/monmouthpoll_us_110619.pdf/,primary,DEM,Castro,Julián Castro,0
112567,62527,2020,NA,11,ABC News/Washington Post,NA,NA,ABC News/Washington Post,3,ABC News/Washington Post,A+,452,a,a-d,Live Phone,U.S. President,10/27/19,2019-10-30,NA,FALSE,NA,FALSE,FALSE,11/3/19 0:03,NA,https://www.washingtonpost.com/context/context-card/eea087b6-ca22-4cd9-a254-6bdd49d000a4/,primary,DEM,Biden,Joe Biden,27
112567,62527,2020,NA,11,ABC News/Washington Post,NA,NA,ABC News/Washington Post,3,ABC News/Washington Post,A+,452,a,a-d,Live Phone,U.S. President,10/27/19,2019-10-30,NA,FALSE,NA,FALSE,FALSE,11/3/19 0:03,NA,https://www.washingtonpost.com/context/context-card/eea087b6-ca22-4cd9-a254-6bdd49d000a4/,primary,DEM,Warren,Elizabeth Warren,21
112567,62527,2020,NA,11,ABC News/Washington Post,NA,NA,ABC News/Washington Post,3,ABC News/Washington Post,A+,452,a,a-d,Live Phone,U.S. President,10/27/19,2019-10-30,NA,FALSE,NA,FALSE,FALSE,11/3/19 0:03,NA,https://www.washingtonpost.com/context/context-card/eea087b6-ca22-4cd9-a254-6bdd49d000a4/,primary,DEM,Sanders,Bernie Sanders,19
112567,62527,2020,NA,11,ABC News/Washington Post,NA,NA,ABC News/Washington Post,3,ABC News/Washington Post,A+,452,a,a-d,Live Phone,U.S. President,10/27/19,2019-10-30,NA,FALSE,NA,FALSE,FALSE,11/3/19 0:03,NA,https://www.washingtonpost.com/context/context-card/eea087b6-ca22-4cd9-a254-6bdd49d000a4/,primary,DEM,Buttigieg,Pete Buttigieg,7
112567,62527,2020,NA,11,ABC News/Washington Post,NA,NA,ABC News/Washington Post,3,ABC News/Washington Post,A+,452,a,a-d,Live Phone,U.S. President,10/27/19,2019-10-30,NA,FALSE,NA,FALSE,FALSE,11/3/19 0:03,NA,https://www.washingtonpost.com/context/context-card/eea087b6-ca22-4cd9-a254-6bdd49d000a4/,primary,DEM,Booker,Cory Booker,2
112567,62527,2020,NA,11,ABC News/Washington Post,NA,NA,ABC News/Washington Post,3,ABC News/Washington Post,A+,452,a,a-d,Live Phone,U.S. President,10/27/19,2019-10-30,NA,FALSE,NA,FALSE,FALSE,11/3/19 0:03,NA,https://www.washingtonpost.com/context/context-card/eea087b6-ca22-4cd9-a254-6bdd49d000a4/,primary,DEM,Castro,Julián Castro,2
112567,62527,2020,NA,11,ABC News/Washington Post,NA,NA,ABC News/Washington Post,3,ABC News/Washington Post,A+,452,a,a-d,Live Phone,U.S. President,10/27/19,2019-10-30,NA,FALSE,NA,FALSE,FALSE,11/3/19 0:03,NA,https://www.washingtonpost.com/context/context-card/eea087b6-ca22-4cd9-a254-6bdd49d000a4/,primary,DEM,Gabbard,Tulsi Gabbard,2
112567,62527,2020,NA,11,ABC News/Washington Post,NA,NA,ABC News/Washington Post,3,ABC News/Washington Post,A+,452,a,a-d,Live Phone,U.S. President,10/27/19,2019-10-30,NA,FALSE,NA,FALSE,FALSE,11/3/19 0:03,NA,https://www.washingtonpost.com/context/context-card/eea087b6-ca22-4cd9-a254-6bdd49d000a4/,primary,DEM,Harris,Kamala Harris,2
112567,62527,2020,NA,11,ABC News/Washington Post,NA,NA,ABC News/Washington Post,3,ABC News/Washington Post,A+,452,a,a-d,Live Phone,U.S. President,10/27/19,2019-10-30,NA,FALSE,NA,FALSE,FALSE,11/3/19 0:03,NA,https://www.washingtonpost.com/context/context-card/eea087b6-ca22-4cd9-a254-6bdd49d000a4/,primary,DEM,Yang,Andrew Yang,2
112567,62527,2020,NA,11,ABC News/Washington Post,NA,NA,ABC News/Washington Post,3,ABC News/Washington Post,A+,452,a,a-d,Live Phone,U.S. President,10/27/19,2019-10-30,NA,FALSE,NA,FALSE,FALSE,11/3/19 0:03,NA,https://www.washingtonpost.com/context/context-card/eea087b6-ca22-4cd9-a254-6bdd49d000a4/,primary,DEM,Klobuchar,Amy Klobuchar,1
112568,62527,2020,NA,11,ABC News/Washington Post,NA,NA,ABC News/Washington Post,3,ABC News/Washington Post,A+,402,rv,rv-d,Live Phone,U.S. President,10/27/19,2019-10-30,NA,FALSE,NA,FALSE,FALSE,11/3/19 0:03,NA,https://www.washingtonpost.com/context/context-card/eea087b6-ca22-4cd9-a254-6bdd49d000a4/,primary,DEM,Biden,Joe Biden,28
112568,62527,2020,NA,11,ABC News/Washington Post,NA,NA,ABC News/Washington Post,3,ABC News/Washington Post,A+,402,rv,rv-d,Live Phone,U.S. President,10/27/19,2019-10-30,NA,FALSE,NA,FALSE,FALSE,11/3/19 0:03,NA,https://www.washingtonpost.com/context/context-card/eea087b6-ca22-4cd9-a254-6bdd49d000a4/,primary,DEM,Warren,Elizabeth Warren,23
112568,62527,2020,NA,11,ABC News/Washington Post,NA,NA,ABC News/Washington Post,3,ABC News/Washington Post,A+,402,rv,rv-d,Live Phone,U.S. President,10/27/19,2019-10-30,NA,FALSE,NA,FALSE,FALSE,11/3/19 0:03,NA,https://www.washingtonpost.com/context/context-card/eea087b6-ca22-4cd9-a254-6bdd49d000a4/,primary,DEM,Sanders,Bernie Sanders,17
112568,62527,2020,NA,11,ABC News/Washington Post,NA,NA,ABC News/Washington Post,3,ABC News/Washington Post,A+,402,rv,rv-d,Live Phone,U.S. President,10/27/19,2019-10-30,NA,FALSE,NA,FALSE,FALSE,11/3/19 0:03,NA,https://www.washingtonpost.com/context/context-card/eea087b6-ca22-4cd9-a254-6bdd49d000a4/,primary,DEM,Buttigieg,Pete Buttigieg,9
112568,62527,2020,NA,11,ABC News/Washington Post,NA,NA,ABC News/Washington Post,3,ABC News/Washington Post,A+,402,rv,rv-d,Live Phone,U.S. President,10/27/19,2019-10-30,NA,FALSE,NA,FALSE,FALSE,11/3/19 0:03,NA,https://www.washingtonpost.com/context/context-card/eea087b6-ca22-4cd9-a254-6bdd49d000a4/,primary,DEM,Booker,Cory Booker,2
112568,62527,2020,NA,11,ABC News/Washington Post,NA,NA,ABC News/Washington Post,3,ABC News/Washington Post,A+,402,rv,rv-d,Live Phone,U.S. President,10/27/19,2019-10-30,NA,FALSE,NA,FALSE,FALSE,11/3/19 0:03,NA,https://www.washingtonpost.com/context/context-card/eea087b6-ca22-4cd9-a254-6bdd49d000a4/,primary,DEM,Castro,Julián Castro,1
112568,62527,2020,NA,11,ABC News/Washington Post,NA,NA,ABC News/Washington Post,3,ABC News/Washington Post,A+,402,rv,rv-d,Live Phone,U.S. President,10/27/19,2019-10-30,NA,FALSE,NA,FALSE,FALSE,11/3/19 0:03,NA,https://www.washingtonpost.com/context/context-card/eea087b6-ca22-4cd9-a254-6bdd49d000a4/,primary,DEM,Gabbard,Tulsi Gabbard,2
112568,62527,2020,NA,11,ABC News/Washington Post,NA,NA,ABC News/Washington Post,3,ABC News/Washington Post,A+,402,rv,rv-d,Live Phone,U.S. President,10/27/19,2019-10-30,NA,FALSE,NA,FALSE,FALSE,11/3/19 0:03,NA,https://www.washingtonpost.com/context/context-card/eea087b6-ca22-4cd9-a254-6bdd49d000a4/,primary,DEM,Harris,Kamala Harris,2
112568,62527,2020,NA,11,ABC News/Washington Post,NA,NA,ABC News/Washington Post,3,ABC News/Washington Post,A+,402,rv,rv-d,Live Phone,U.S. President,10/27/19,2019-10-30,NA,FALSE,NA,FALSE,FALSE,11/3/19 0:03,NA,https://www.washingtonpost.com/context/context-card/eea087b6-ca22-4cd9-a254-6bdd49d000a4/,primary,DEM,Yang,Andrew Yang,2
112568,62527,2020,NA,11,ABC News/Washington Post,NA,NA,ABC News/Washington Post,3,ABC News/Washington Post,A+,402,rv,rv-d,Live Phone,U.S. President,10/27/19,2019-10-30,NA,FALSE,NA,FALSE,FALSE,11/3/19 0:03,NA,https://www.washingtonpost.com/context/context-card/eea087b6-ca22-4cd9-a254-6bdd49d000a4/,primary,DEM,Klobuchar,Amy Klobuchar,2
111069,62222,2020,NA,460,SurveyUSA,NA,NA,SurveyUSA,325,SurveyUSA,A,1071,lv,lv-d,Online,U.S. President,10/15/19,2019-10-16,NA,FALSE,NA,FALSE,FALSE,10/21/19 11:25,NA,http://www.surveyusa.com/client/PollReport.aspx?g=3f8c15c0-bab5-4d13-b944-5b368f707417,primary,DEM,Biden,Joe Biden,32
111069,62222,2020,NA,460,SurveyUSA,NA,NA,SurveyUSA,325,SurveyUSA,A,1071,lv,lv-d,Online,U.S. President,10/15/19,2019-10-16,NA,FALSE,NA,FALSE,FALSE,10/21/19 11:25,NA,http://www.surveyusa.com/client/PollReport.aspx?g=3f8c15c0-bab5-4d13-b944-5b368f707417,primary,DEM,Warren,Elizabeth Warren,22
111069,62222,2020,NA,460,SurveyUSA,NA,NA,SurveyUSA,325,SurveyUSA,A,1071,lv,lv-d,Online,U.S. President,10/15/19,2019-10-16,NA,FALSE,NA,FALSE,FALSE,10/21/19 11:25,NA,http://www.surveyusa.com/client/PollReport.aspx?g=3f8c15c0-bab5-4d13-b944-5b368f707417,primary,DEM,Sanders,Bernie Sanders,17
111069,62222,2020,NA,460,SurveyUSA,NA,NA,SurveyUSA,325,SurveyUSA,A,1071,lv,lv-d,Online,U.S. President,10/15/19,2019-10-16,NA,FALSE,NA,FALSE,FALSE,10/21/19 11:25,NA,http://www.surveyusa.com/client/PollReport.aspx?g=3f8c15c0-bab5-4d13-b944-5b368f707417,primary,DEM,Harris,Kamala Harris,7
111069,62222,2020,NA,460,SurveyUSA,NA,NA,SurveyUSA,325,SurveyUSA,A,1071,lv,lv-d,Online,U.S. President,10/15/19,2019-10-16,NA,FALSE,NA,FALSE,FALSE,10/21/19 11:25,NA,http://www.surveyusa.com/client/PollReport.aspx?g=3f8c15c0-bab5-4d13-b944-5b368f707417,primary,DEM,Buttigieg,Pete Buttigieg,5
111069,62222,2020,NA,460,SurveyUSA,NA,NA,SurveyUSA,325,SurveyUSA,A,1071,lv,lv-d,Online,U.S. President,10/15/19,2019-10-16,NA,FALSE,NA,FALSE,FALSE,10/21/19 11:25,NA,http://www.surveyusa.com/client/PollReport.aspx?g=3f8c15c0-bab5-4d13-b944-5b368f707417,primary,DEM,Yang,Andrew Yang,2
111069,62222,2020,NA,460,SurveyUSA,NA,NA,SurveyUSA,325,SurveyUSA,A,1071,lv,lv-d,Online,U.S. President,10/15/19,2019-10-16,NA,FALSE,NA,FALSE,FALSE,10/21/19 11:25,NA,http://www.surveyusa.com/client/PollReport.aspx?g=3f8c15c0-bab5-4d13-b944-5b368f707417,primary,DEM,Klobuchar,Amy Klobuchar,2
111069,62222,2020,NA,460,SurveyUSA,NA,NA,SurveyUSA,325,SurveyUSA,A,1071,lv,lv-d,Online,U.S. President,10/15/19,2019-10-16,NA,FALSE,NA,FALSE,FALSE,10/21/19 11:25,NA,http://www.surveyusa.com/client/PollReport.aspx?g=3f8c15c0-bab5-4d13-b944-5b368f707417,primary,DEM,Booker,Cory Booker,2
111069,62222,2020,NA,460,SurveyUSA,NA,NA,SurveyUSA,325,SurveyUSA,A,1071,lv,lv-d,Online,U.S. President,10/15/19,2019-10-16,NA,FALSE,NA,FALSE,FALSE,10/21/19 11:25,NA,http://www.surveyusa.com/client/PollReport.aspx?g=3f8c15c0-bab5-4d13-b944-5b368f707417,primary,DEM,Gabbard,Tulsi Gabbard,1
111069,62222,2020,NA,460,SurveyUSA,NA,NA,SurveyUSA,325,SurveyUSA,A,1071,lv,lv-d,Online,U.S. President,10/15/19,2019-10-16,NA,FALSE,NA,FALSE,FALSE,10/21/19 11:25,NA,http://www.surveyusa.com/client/PollReport.aspx?g=3f8c15c0-bab5-4d13-b944-5b368f707417,primary,DEM,Castro,Julián Castro,1
103683,59757,2020,NA,320,Monmouth University,NA,NA,Monmouth University,215,Monmouth University,A+,434,rv,rv-d,Live Phone,U.S. President,9/23/19,2019-09-29,NA,FALSE,NA,FALSE,FALSE,10/2/19 11:33,NA,https://www.monmouth.edu/polling-institute/documents/monmouthpoll_us_100219.pdf/,primary,DEM,Warren,Elizabeth Warren,28
103683,59757,2020,NA,320,Monmouth University,NA,NA,Monmouth University,215,Monmouth University,A+,434,rv,rv-d,Live Phone,U.S. President,9/23/19,2019-09-29,NA,FALSE,NA,FALSE,FALSE,10/2/19 11:33,NA,https://www.monmouth.edu/polling-institute/documents/monmouthpoll_us_100219.pdf/,primary,DEM,Biden,Joe Biden,25
103683,59757,2020,NA,320,Monmouth University,NA,NA,Monmouth University,215,Monmouth University,A+,434,rv,rv-d,Live Phone,U.S. President,9/23/19,2019-09-29,NA,FALSE,NA,FALSE,FALSE,10/2/19 11:33,NA,https://www.monmouth.edu/polling-institute/documents/monmouthpoll_us_100219.pdf/,primary,DEM,Sanders,Bernie Sanders,15
103683,59757,2020,NA,320,Monmouth University,NA,NA,Monmouth University,215,Monmouth University,A+,434,rv,rv-d,Live Phone,U.S. President,9/23/19,2019-09-29,NA,FALSE,NA,FALSE,FALSE,10/2/19 11:33,NA,https://www.monmouth.edu/polling-institute/documents/monmouthpoll_us_100219.pdf/,primary,DEM,Buttigieg,Pete Buttigieg,5
103683,59757,2020,NA,320,Monmouth University,NA,NA,Monmouth University,215,Monmouth University,A+,434,rv,rv-d,Live Phone,U.S. President,9/23/19,2019-09-29,NA,FALSE,NA,FALSE,FALSE,10/2/19 11:33,NA,https://www.monmouth.edu/polling-institute/documents/monmouthpoll_us_100219.pdf/,primary,DEM,Harris,Kamala Harris,5
103683,59757,2020,NA,320,Monmouth University,NA,NA,Monmouth University,215,Monmouth University,A+,434,rv,rv-d,Live Phone,U.S. President,9/23/19,2019-09-29,NA,FALSE,NA,FALSE,FALSE,10/2/19 11:33,NA,https://www.monmouth.edu/polling-institute/documents/monmouthpoll_us_100219.pdf/,primary,DEM,Yang,Andrew Yang,2
103683,59757,2020,NA,320,Monmouth University,NA,NA,Monmouth University,215,Monmouth University,A+,434,rv,rv-d,Live Phone,U.S. President,9/23/19,2019-09-29,NA,FALSE,NA,FALSE,FALSE,10/2/19 11:33,NA,https://www.monmouth.edu/polling-institute/documents/monmouthpoll_us_100219.pdf/,primary,DEM,Booker,Cory Booker,1
103683,59757,2020,NA,320,Monmouth University,NA,NA,Monmouth University,215,Monmouth University,A+,434,rv,rv-d,Live Phone,U.S. President,9/23/19,2019-09-29,NA,FALSE,NA,FALSE,FALSE,10/2/19 11:33,NA,https://www.monmouth.edu/polling-institute/documents/monmouthpoll_us_100219.pdf/,primary,DEM,Castro,Julián Castro,1
103683,59757,2020,NA,320,Monmouth University,NA,NA,Monmouth University,215,Monmouth University,A+,434,rv,rv-d,Live Phone,U.S. President,9/23/19,2019-09-29,NA,FALSE,NA,FALSE,FALSE,10/2/19 11:33,NA,https://www.monmouth.edu/polling-institute/documents/monmouthpoll_us_100219.pdf/,primary,DEM,Klobuchar,Amy Klobuchar,1
103683,59757,2020,NA,320,Monmouth University,NA,NA,Monmouth University,215,Monmouth University,A+,434,rv,rv-d,Live Phone,U.S. President,9/23/19,2019-09-29,NA,FALSE,NA,FALSE,FALSE,10/2/19 11:33,NA,https://www.monmouth.edu/polling-institute/documents/monmouthpoll_us_100219.pdf/,primary,DEM,Gabbard,Tulsi Gabbard,0
102794,59595,2020,NA,460,SurveyUSA,NA,NA,SurveyUSA,325,SurveyUSA,A,1017,lv,lv-d,Online,U.S. President,9/13/19,2019-09-16,NA,FALSE,NA,FALSE,FALSE,9/17/19 23:25,NA,http://www.surveyusa.com/client/PollReport.aspx?g=af31ac4e-3786-426b-828e-6359cb6c34bb,primary,DEM,Biden,Joe Biden,33
102794,59595,2020,NA,460,SurveyUSA,NA,NA,SurveyUSA,325,SurveyUSA,A,1017,lv,lv-d,Online,U.S. President,9/13/19,2019-09-16,NA,FALSE,NA,FALSE,FALSE,9/17/19 23:25,NA,http://www.surveyusa.com/client/PollReport.aspx?g=af31ac4e-3786-426b-828e-6359cb6c34bb,primary,DEM,Warren,Elizabeth Warren,19
102794,59595,2020,NA,460,SurveyUSA,NA,NA,SurveyUSA,325,SurveyUSA,A,1017,lv,lv-d,Online,U.S. President,9/13/19,2019-09-16,NA,FALSE,NA,FALSE,FALSE,9/17/19 23:25,NA,http://www.surveyusa.com/client/PollReport.aspx?g=af31ac4e-3786-426b-828e-6359cb6c34bb,primary,DEM,Sanders,Bernie Sanders,17
102794,59595,2020,NA,460,SurveyUSA,NA,NA,SurveyUSA,325,SurveyUSA,A,1017,lv,lv-d,Online,U.S. President,9/13/19,2019-09-16,NA,FALSE,NA,FALSE,FALSE,9/17/19 23:25,NA,http://www.surveyusa.com/client/PollReport.aspx?g=af31ac4e-3786-426b-828e-6359cb6c34bb,primary,DEM,Harris,Kamala Harris,6
102794,59595,2020,NA,460,SurveyUSA,NA,NA,SurveyUSA,325,SurveyUSA,A,1017,lv,lv-d,Online,U.S. President,9/13/19,2019-09-16,NA,FALSE,NA,FALSE,FALSE,9/17/19 23:25,NA,http://www.surveyusa.com/client/PollReport.aspx?g=af31ac4e-3786-426b-828e-6359cb6c34bb,primary,DEM,Buttigieg,Pete Buttigieg,5
102794,59595,2020,NA,460,SurveyUSA,NA,NA,SurveyUSA,325,SurveyUSA,A,1017,lv,lv-d,Online,U.S. President,9/13/19,2019-09-16,NA,FALSE,NA,FALSE,FALSE,9/17/19 23:25,NA,http://www.surveyusa.com/client/PollReport.aspx?g=af31ac4e-3786-426b-828e-6359cb6c34bb,primary,DEM,Booker,Cory Booker,4
102794,59595,2020,NA,460,SurveyUSA,NA,NA,SurveyUSA,325,SurveyUSA,A,1017,lv,lv-d,Online,U.S. President,9/13/19,2019-09-16,NA,FALSE,NA,FALSE,FALSE,9/17/19 23:25,NA,http://www.surveyusa.com/client/PollReport.aspx?g=af31ac4e-3786-426b-828e-6359cb6c34bb,primary,DEM,Yang,Andrew Yang,3
102794,59595,2020,NA,460,SurveyUSA,NA,NA,SurveyUSA,325,SurveyUSA,A,1017,lv,lv-d,Online,U.S. President,9/13/19,2019-09-16,NA,FALSE,NA,FALSE,FALSE,9/17/19 23:25,NA,http://www.surveyusa.com/client/PollReport.aspx?g=af31ac4e-3786-426b-828e-6359cb6c34bb,primary,DEM,Klobuchar,Amy Klobuchar,1
102794,59595,2020,NA,460,SurveyUSA,NA,NA,SurveyUSA,325,SurveyUSA,A,1017,lv,lv-d,Online,U.S. President,9/13/19,2019-09-16,NA,FALSE,NA,FALSE,FALSE,9/17/19 23:25,NA,http://www.surveyusa.com/client/PollReport.aspx?g=af31ac4e-3786-426b-828e-6359cb6c34bb,primary,DEM,Castro,Julián Castro,1
102282,59505,2020,NA,11,ABC News/Washington Post,NA,NA,ABC News/Washington Post,3,ABC News/Washington Post,A+,391,rv,rv-d,Live Phone,U.S. President,9/2/19,2019-09-05,NA,FALSE,NA,FALSE,FALSE,9/8/19 0:04,NA,https://www.washingtonpost.com/context/sept-2-5-2019-washington-post-abc-news-poll/d4e18b36-79bf-492d-91e3-d1c7a49d37e2/,primary,DEM,Biden,Joe Biden,29
102282,59505,2020,NA,11,ABC News/Washington Post,NA,NA,ABC News/Washington Post,3,ABC News/Washington Post,A+,391,rv,rv-d,Live Phone,U.S. President,9/2/19,2019-09-05,NA,FALSE,NA,FALSE,FALSE,9/8/19 0:04,NA,https://www.washingtonpost.com/context/sept-2-5-2019-washington-post-abc-news-poll/d4e18b36-79bf-492d-91e3-d1c7a49d37e2/,primary,DEM,Sanders,Bernie Sanders,19
102282,59505,2020,NA,11,ABC News/Washington Post,NA,NA,ABC News/Washington Post,3,ABC News/Washington Post,A+,391,rv,rv-d,Live Phone,U.S. President,9/2/19,2019-09-05,NA,FALSE,NA,FALSE,FALSE,9/8/19 0:04,NA,https://www.washingtonpost.com/context/sept-2-5-2019-washington-post-abc-news-poll/d4e18b36-79bf-492d-91e3-d1c7a49d37e2/,primary,DEM,Warren,Elizabeth Warren,18
102282,59505,2020,NA,11,ABC News/Washington Post,NA,NA,ABC News/Washington Post,3,ABC News/Washington Post,A+,391,rv,rv-d,Live Phone,U.S. President,9/2/19,2019-09-05,NA,FALSE,NA,FALSE,FALSE,9/8/19 0:04,NA,https://www.washingtonpost.com/context/sept-2-5-2019-washington-post-abc-news-poll/d4e18b36-79bf-492d-91e3-d1c7a49d37e2/,primary,DEM,Harris,Kamala Harris,7
102282,59505,2020,NA,11,ABC News/Washington Post,NA,NA,ABC News/Washington Post,3,ABC News/Washington Post,A+,391,rv,rv-d,Live Phone,U.S. President,9/2/19,2019-09-05,NA,FALSE,NA,FALSE,FALSE,9/8/19 0:04,NA,https://www.washingtonpost.com/context/sept-2-5-2019-washington-post-abc-news-poll/d4e18b36-79bf-492d-91e3-d1c7a49d37e2/,primary,DEM,Buttigieg,Pete Buttigieg,4
102282,59505,2020,NA,11,ABC News/Washington Post,NA,NA,ABC News/Washington Post,3,ABC News/Washington Post,A+,391,rv,rv-d,Live Phone,U.S. President,9/2/19,2019-09-05,NA,FALSE,NA,FALSE,FALSE,9/8/19 0:04,NA,https://www.washingtonpost.com/context/sept-2-5-2019-washington-post-abc-news-poll/d4e18b36-79bf-492d-91e3-d1c7a49d37e2/,primary,DEM,Yang,Andrew Yang,3
102282,59505,2020,NA,11,ABC News/Washington Post,NA,NA,ABC News/Washington Post,3,ABC News/Washington Post,A+,391,rv,rv-d,Live Phone,U.S. President,9/2/19,2019-09-05,NA,FALSE,NA,FALSE,FALSE,9/8/19 0:04,NA,https://www.washingtonpost.com/context/sept-2-5-2019-washington-post-abc-news-poll/d4e18b36-79bf-492d-91e3-d1c7a49d37e2/,primary,DEM,Booker,Cory Booker,1
102282,59505,2020,NA,11,ABC News/Washington Post,NA,NA,ABC News/Washington Post,3,ABC News/Washington Post,A+,391,rv,rv-d,Live Phone,U.S. President,9/2/19,2019-09-05,NA,FALSE,NA,FALSE,FALSE,9/8/19 0:04,NA,https://www.washingtonpost.com/context/sept-2-5-2019-washington-post-abc-news-poll/d4e18b36-79bf-492d-91e3-d1c7a49d37e2/,primary,DEM,Gabbard,Tulsi Gabbard,2
102282,59505,2020,NA,11,ABC News/Washington Post,NA,NA,ABC News/Washington Post,3,ABC News/Washington Post,A+,391,rv,rv-d,Live Phone,U.S. President,9/2/19,2019-09-05,NA,FALSE,NA,FALSE,FALSE,9/8/19 0:04,NA,https://www.washingtonpost.com/context/sept-2-5-2019-washington-post-abc-news-poll/d4e18b36-79bf-492d-91e3-d1c7a49d37e2/,primary,DEM,Klobuchar,Amy Klobuchar,2
102282,59505,2020,NA,11,ABC News/Washington Post,NA,NA,ABC News/Washington Post,3,ABC News/Washington Post,A+,391,rv,rv-d,Live Phone,U.S. President,9/2/19,2019-09-05,NA,FALSE,NA,FALSE,FALSE,9/8/19 0:04,NA,https://www.washingtonpost.com/context/sept-2-5-2019-washington-post-abc-news-poll/d4e18b36-79bf-492d-91e3-d1c7a49d37e2/,primary,DEM,Castro,Julián Castro,0
102283,59505,2020,NA,11,ABC News/Washington Post,NA,NA,ABC News/Washington Post,3,ABC News/Washington Post,A+,437,a,a-d,Live Phone,U.S. President,9/2/19,2019-09-05,NA,FALSE,NA,FALSE,FALSE,9/8/19 0:04,NA,https://www.washingtonpost.com/context/sept-2-5-2019-washington-post-abc-news-poll/d4e18b36-79bf-492d-91e3-d1c7a49d37e2/,primary,DEM,Biden,Joe Biden,27
102283,59505,2020,NA,11,ABC News/Washington Post,NA,NA,ABC News/Washington Post,3,ABC News/Washington Post,A+,437,a,a-d,Live Phone,U.S. President,9/2/19,2019-09-05,NA,FALSE,NA,FALSE,FALSE,9/8/19 0:04,NA,https://www.washingtonpost.com/context/sept-2-5-2019-washington-post-abc-news-poll/d4e18b36-79bf-492d-91e3-d1c7a49d37e2/,primary,DEM,Sanders,Bernie Sanders,19
102283,59505,2020,NA,11,ABC News/Washington Post,NA,NA,ABC News/Washington Post,3,ABC News/Washington Post,A+,437,a,a-d,Live Phone,U.S. President,9/2/19,2019-09-05,NA,FALSE,NA,FALSE,FALSE,9/8/19 0:04,NA,https://www.washingtonpost.com/context/sept-2-5-2019-washington-post-abc-news-poll/d4e18b36-79bf-492d-91e3-d1c7a49d37e2/,primary,DEM,Warren,Elizabeth Warren,17
102283,59505,2020,NA,11,ABC News/Washington Post,NA,NA,ABC News/Washington Post,3,ABC News/Washington Post,A+,437,a,a-d,Live Phone,U.S. President,9/2/19,2019-09-05,NA,FALSE,NA,FALSE,FALSE,9/8/19 0:04,NA,https://www.washingtonpost.com/context/sept-2-5-2019-washington-post-abc-news-poll/d4e18b36-79bf-492d-91e3-d1c7a49d37e2/,primary,DEM,Harris,Kamala Harris,7
102283,59505,2020,NA,11,ABC News/Washington Post,NA,NA,ABC News/Washington Post,3,ABC News/Washington Post,A+,437,a,a-d,Live Phone,U.S. President,9/2/19,2019-09-05,NA,FALSE,NA,FALSE,FALSE,9/8/19 0:04,NA,https://www.washingtonpost.com/context/sept-2-5-2019-washington-post-abc-news-poll/d4e18b36-79bf-492d-91e3-d1c7a49d37e2/,primary,DEM,Buttigieg,Pete Buttigieg,4
102283,59505,2020,NA,11,ABC News/Washington Post,NA,NA,ABC News/Washington Post,3,ABC News/Washington Post,A+,437,a,a-d,Live Phone,U.S. President,9/2/19,2019-09-05,NA,FALSE,NA,FALSE,FALSE,9/8/19 0:04,NA,https://www.washingtonpost.com/context/sept-2-5-2019-washington-post-abc-news-poll/d4e18b36-79bf-492d-91e3-d1c7a49d37e2/,primary,DEM,Yang,Andrew Yang,3
102283,59505,2020,NA,11,ABC News/Washington Post,NA,NA,ABC News/Washington Post,3,ABC News/Washington Post,A+,437,a,a-d,Live Phone,U.S. President,9/2/19,2019-09-05,NA,FALSE,NA,FALSE,FALSE,9/8/19 0:04,NA,https://www.washingtonpost.com/context/sept-2-5-2019-washington-post-abc-news-poll/d4e18b36-79bf-492d-91e3-d1c7a49d37e2/,primary,DEM,Booker,Cory Booker,1
102283,59505,2020,NA,11,ABC News/Washington Post,NA,NA,ABC News/Washington Post,3,ABC News/Washington Post,A+,437,a,a-d,Live Phone,U.S. President,9/2/19,2019-09-05,NA,FALSE,NA,FALSE,FALSE,9/8/19 0:04,NA,https://www.washingtonpost.com/context/sept-2-5-2019-washington-post-abc-news-poll/d4e18b36-79bf-492d-91e3-d1c7a49d37e2/,primary,DEM,Gabbard,Tulsi Gabbard,1
102283,59505,2020,NA,11,ABC News/Washington Post,NA,NA,ABC News/Washington Post,3,ABC News/Washington Post,A+,437,a,a-d,Live Phone,U.S. President,9/2/19,2019-09-05,NA,FALSE,NA,FALSE,FALSE,9/8/19 0:04,NA,https://www.washingtonpost.com/context/sept-2-5-2019-washington-post-abc-news-poll/d4e18b36-79bf-492d-91e3-d1c7a49d37e2/,primary,DEM,Klobuchar,Amy Klobuchar,1
102283,59505,2020,NA,11,ABC News/Washington Post,NA,NA,ABC News/Washington Post,3,ABC News/Washington Post,A+,437,a,a-d,Live Phone,U.S. President,9/2/19,2019-09-05,NA,FALSE,NA,FALSE,FALSE,9/8/19 0:04,NA,https://www.washingtonpost.com/context/sept-2-5-2019-washington-post-abc-news-poll/d4e18b36-79bf-492d-91e3-d1c7a49d37e2/,primary,DEM,Castro,Julián Castro,0
101741,59003,2020,NA,320,Monmouth University,NA,NA,Monmouth University,215,Monmouth University,A+,298,rv,rv-d,Live Phone,U.S. President,8/16/19,2019-08-20,NA,FALSE,NA,FALSE,FALSE,8/26/19 13:48,NA,https://www.monmouth.edu/polling-institute/documents/monmouthpoll_us_082619.pdf/,primary,DEM,Sanders,Bernie Sanders,20
101741,59003,2020,NA,320,Monmouth University,NA,NA,Monmouth University,215,Monmouth University,A+,298,rv,rv-d,Live Phone,U.S. President,8/16/19,2019-08-20,NA,FALSE,NA,FALSE,FALSE,8/26/19 13:48,NA,https://www.monmouth.edu/polling-institute/documents/monmouthpoll_us_082619.pdf/,primary,DEM,Warren,Elizabeth Warren,20
101741,59003,2020,NA,320,Monmouth University,NA,NA,Monmouth University,215,Monmouth University,A+,298,rv,rv-d,Live Phone,U.S. President,8/16/19,2019-08-20,NA,FALSE,NA,FALSE,FALSE,8/26/19 13:48,NA,https://www.monmouth.edu/polling-institute/documents/monmouthpoll_us_082619.pdf/,primary,DEM,Biden,Joe Biden,19
101741,59003,2020,NA,320,Monmouth University,NA,NA,Monmouth University,215,Monmouth University,A+,298,rv,rv-d,Live Phone,U.S. President,8/16/19,2019-08-20,NA,FALSE,NA,FALSE,FALSE,8/26/19 13:48,NA,https://www.monmouth.edu/polling-institute/documents/monmouthpoll_us_082619.pdf/,primary,DEM,Harris,Kamala Harris,8
101741,59003,2020,NA,320,Monmouth University,NA,NA,Monmouth University,215,Monmouth University,A+,298,rv,rv-d,Live Phone,U.S. President,8/16/19,2019-08-20,NA,FALSE,NA,FALSE,FALSE,8/26/19 13:48,NA,https://www.monmouth.edu/polling-institute/documents/monmouthpoll_us_082619.pdf/,primary,DEM,Booker,Cory Booker,4
101741,59003,2020,NA,320,Monmouth University,NA,NA,Monmouth University,215,Monmouth University,A+,298,rv,rv-d,Live Phone,U.S. President,8/16/19,2019-08-20,NA,FALSE,NA,FALSE,FALSE,8/26/19 13:48,NA,https://www.monmouth.edu/polling-institute/documents/monmouthpoll_us_082619.pdf/,primary,DEM,Buttigieg,Pete Buttigieg,4
101741,59003,2020,NA,320,Monmouth University,NA,NA,Monmouth University,215,Monmouth University,A+,298,rv,rv-d,Live Phone,U.S. President,8/16/19,2019-08-20,NA,FALSE,NA,FALSE,FALSE,8/26/19 13:48,NA,https://www.monmouth.edu/polling-institute/documents/monmouthpoll_us_082619.pdf/,primary,DEM,Yang,Andrew Yang,3
101741,59003,2020,NA,320,Monmouth University,NA,NA,Monmouth University,215,Monmouth University,A+,298,rv,rv-d,Live Phone,U.S. President,8/16/19,2019-08-20,NA,FALSE,NA,FALSE,FALSE,8/26/19 13:48,NA,https://www.monmouth.edu/polling-institute/documents/monmouthpoll_us_082619.pdf/,primary,DEM,Castro,Julián Castro,2
101741,59003,2020,NA,320,Monmouth University,NA,NA,Monmouth University,215,Monmouth University,A+,298,rv,rv-d,Live Phone,U.S. President,8/16/19,2019-08-20,NA,FALSE,NA,FALSE,FALSE,8/26/19 13:48,NA,https://www.monmouth.edu/polling-institute/documents/monmouthpoll_us_082619.pdf/,primary,DEM,Gabbard,Tulsi Gabbard,1
101741,59003,2020,NA,320,Monmouth University,NA,NA,Monmouth University,215,Monmouth University,A+,298,rv,rv-d,Live Phone,U.S. President,8/16/19,2019-08-20,NA,FALSE,NA,FALSE,FALSE,8/26/19 13:48,NA,https://www.monmouth.edu/polling-institute/documents/monmouthpoll_us_082619.pdf/,primary,DEM,Klobuchar,Amy Klobuchar,1
100323,58835,2020,NA,460,SurveyUSA,NA,NA,SurveyUSA,325,SurveyUSA,A,999,lv,lv-d,Online,U.S. President,8/1/19,2019-08-05,NA,FALSE,NA,FALSE,FALSE,8/7/19 19:28,NA,http://www.surveyusa.com/client/PollReport.aspx?g=1736552c-4e9a-461e-ba78-2cc6729082fd,primary,DEM,Biden,Joe Biden,33
100323,58835,2020,NA,460,SurveyUSA,NA,NA,SurveyUSA,325,SurveyUSA,A,999,lv,lv-d,Online,U.S. President,8/1/19,2019-08-05,NA,FALSE,NA,FALSE,FALSE,8/7/19 19:28,NA,http://www.surveyusa.com/client/PollReport.aspx?g=1736552c-4e9a-461e-ba78-2cc6729082fd,primary,DEM,Sanders,Bernie Sanders,20
100323,58835,2020,NA,460,SurveyUSA,NA,NA,SurveyUSA,325,SurveyUSA,A,999,lv,lv-d,Online,U.S. President,8/1/19,2019-08-05,NA,FALSE,NA,FALSE,FALSE,8/7/19 19:28,NA,http://www.surveyusa.com/client/PollReport.aspx?g=1736552c-4e9a-461e-ba78-2cc6729082fd,primary,DEM,Warren,Elizabeth Warren,19
100323,58835,2020,NA,460,SurveyUSA,NA,NA,SurveyUSA,325,SurveyUSA,A,999,lv,lv-d,Online,U.S. President,8/1/19,2019-08-05,NA,FALSE,NA,FALSE,FALSE,8/7/19 19:28,NA,http://www.surveyusa.com/client/PollReport.aspx?g=1736552c-4e9a-461e-ba78-2cc6729082fd,primary,DEM,Harris,Kamala Harris,9
100323,58835,2020,NA,460,SurveyUSA,NA,NA,SurveyUSA,325,SurveyUSA,A,999,lv,lv-d,Online,U.S. President,8/1/19,2019-08-05,NA,FALSE,NA,FALSE,FALSE,8/7/19 19:28,NA,http://www.surveyusa.com/client/PollReport.aspx?g=1736552c-4e9a-461e-ba78-2cc6729082fd,primary,DEM,Buttigieg,Pete Buttigieg,8
100323,58835,2020,NA,460,SurveyUSA,NA,NA,SurveyUSA,325,SurveyUSA,A,999,lv,lv-d,Online,U.S. President,8/1/19,2019-08-05,NA,FALSE,NA,FALSE,FALSE,8/7/19 19:28,NA,http://www.surveyusa.com/client/PollReport.aspx?g=1736552c-4e9a-461e-ba78-2cc6729082fd,primary,DEM,Booker,Cory Booker,1
100323,58835,2020,NA,460,SurveyUSA,NA,NA,SurveyUSA,325,SurveyUSA,A,999,lv,lv-d,Online,U.S. President,8/1/19,2019-08-05,NA,FALSE,NA,FALSE,FALSE,8/7/19 19:28,NA,http://www.surveyusa.com/client/PollReport.aspx?g=1736552c-4e9a-461e-ba78-2cc6729082fd,primary,DEM,Klobuchar,Amy Klobuchar,1
100323,58835,2020,NA,460,SurveyUSA,NA,NA,SurveyUSA,325,SurveyUSA,A,999,lv,lv-d,Online,U.S. President,8/1/19,2019-08-05,NA,FALSE,NA,FALSE,FALSE,8/7/19 19:28,NA,http://www.surveyusa.com/client/PollReport.aspx?g=1736552c-4e9a-461e-ba78-2cc6729082fd,primary,DEM,Gabbard,Tulsi Gabbard,0
100323,58835,2020,NA,460,SurveyUSA,NA,NA,SurveyUSA,325,SurveyUSA,A,999,lv,lv-d,Online,U.S. President,8/1/19,2019-08-05,NA,FALSE,NA,FALSE,FALSE,8/7/19 19:28,NA,http://www.surveyusa.com/client/PollReport.aspx?g=1736552c-4e9a-461e-ba78-2cc6729082fd,primary,DEM,Castro,Julián Castro,0
100323,58835,2020,NA,460,SurveyUSA,NA,NA,SurveyUSA,325,SurveyUSA,A,999,lv,lv-d,Online,U.S. President,8/1/19,2019-08-05,NA,FALSE,NA,FALSE,FALSE,8/7/19 19:28,NA,http://www.surveyusa.com/client/PollReport.aspx?g=1736552c-4e9a-461e-ba78-2cc6729082fd,primary,DEM,Yang,Andrew Yang,0
98934,58602,2020,NA,11,ABC News/Washington Post,NA,NA,ABC News/Washington Post,3,ABC News/Washington Post,A+,397,rv,rv-d,Live Phone,U.S. President,6/28/19,2019-07-01,NA,FALSE,NA,FALSE,FALSE,7/3/19 8:17,open-ended question,https://www.washingtonpost.com/context/washington-post-abc-news-poll-june-28-july-1-2019/23419a67-9e70-42e3-a96d-65d92555e29b/,primary,DEM,Biden,Joe Biden,28
98934,58602,2020,NA,11,ABC News/Washington Post,NA,NA,ABC News/Washington Post,3,ABC News/Washington Post,A+,397,rv,rv-d,Live Phone,U.S. President,6/28/19,2019-07-01,NA,FALSE,NA,FALSE,FALSE,7/3/19 8:17,open-ended question,https://www.washingtonpost.com/context/washington-post-abc-news-poll-june-28-july-1-2019/23419a67-9e70-42e3-a96d-65d92555e29b/,primary,DEM,Sanders,Bernie Sanders,16
98934,58602,2020,NA,11,ABC News/Washington Post,NA,NA,ABC News/Washington Post,3,ABC News/Washington Post,A+,397,rv,rv-d,Live Phone,U.S. President,6/28/19,2019-07-01,NA,FALSE,NA,FALSE,FALSE,7/3/19 8:17,open-ended question,https://www.washingtonpost.com/context/washington-post-abc-news-poll-june-28-july-1-2019/23419a67-9e70-42e3-a96d-65d92555e29b/,primary,DEM,Harris,Kamala Harris,11
98934,58602,2020,NA,11,ABC News/Washington Post,NA,NA,ABC News/Washington Post,3,ABC News/Washington Post,A+,397,rv,rv-d,Live Phone,U.S. President,6/28/19,2019-07-01,NA,FALSE,NA,FALSE,FALSE,7/3/19 8:17,open-ended question,https://www.washingtonpost.com/context/washington-post-abc-news-poll-june-28-july-1-2019/23419a67-9e70-42e3-a96d-65d92555e29b/,primary,DEM,Warren,Elizabeth Warren,10
98934,58602,2020,NA,11,ABC News/Washington Post,NA,NA,ABC News/Washington Post,3,ABC News/Washington Post,A+,397,rv,rv-d,Live Phone,U.S. President,6/28/19,2019-07-01,NA,FALSE,NA,FALSE,FALSE,7/3/19 8:17,open-ended question,https://www.washingtonpost.com/context/washington-post-abc-news-poll-june-28-july-1-2019/23419a67-9e70-42e3-a96d-65d92555e29b/,primary,DEM,Buttigieg,Pete Buttigieg,3
98934,58602,2020,NA,11,ABC News/Washington Post,NA,NA,ABC News/Washington Post,3,ABC News/Washington Post,A+,397,rv,rv-d,Live Phone,U.S. President,6/28/19,2019-07-01,NA,FALSE,NA,FALSE,FALSE,7/3/19 8:17,open-ended question,https://www.washingtonpost.com/context/washington-post-abc-news-poll-june-28-july-1-2019/23419a67-9e70-42e3-a96d-65d92555e29b/,primary,DEM,Gabbard,Tulsi Gabbard,2
98934,58602,2020,NA,11,ABC News/Washington Post,NA,NA,ABC News/Washington Post,3,ABC News/Washington Post,A+,397,rv,rv-d,Live Phone,U.S. President,6/28/19,2019-07-01,NA,FALSE,NA,FALSE,FALSE,7/3/19 8:17,open-ended question,https://www.washingtonpost.com/context/washington-post-abc-news-poll-june-28-july-1-2019/23419a67-9e70-42e3-a96d-65d92555e29b/,primary,DEM,Klobuchar,Amy Klobuchar,1
98934,58602,2020,NA,11,ABC News/Washington Post,NA,NA,ABC News/Washington Post,3,ABC News/Washington Post,A+,397,rv,rv-d,Live Phone,U.S. President,6/28/19,2019-07-01,NA,FALSE,NA,FALSE,FALSE,7/3/19 8:17,open-ended question,https://www.washingtonpost.com/context/washington-post-abc-news-poll-june-28-july-1-2019/23419a67-9e70-42e3-a96d-65d92555e29b/,primary,DEM,Yang,Andrew Yang,1
98934,58602,2020,NA,11,ABC News/Washington Post,NA,NA,ABC News/Washington Post,3,ABC News/Washington Post,A+,397,rv,rv-d,Live Phone,U.S. President,6/28/19,2019-07-01,NA,FALSE,NA,FALSE,FALSE,7/3/19 8:17,open-ended question,https://www.washingtonpost.com/context/washington-post-abc-news-poll-june-28-july-1-2019/23419a67-9e70-42e3-a96d-65d92555e29b/,primary,DEM,Castro,Julián Castro,1
98934,58602,2020,NA,11,ABC News/Washington Post,NA,NA,ABC News/Washington Post,3,ABC News/Washington Post,A+,397,rv,rv-d,Live Phone,U.S. President,6/28/19,2019-07-01,NA,FALSE,NA,FALSE,FALSE,7/3/19 8:17,open-ended question,https://www.washingtonpost.com/context/washington-post-abc-news-poll-june-28-july-1-2019/23419a67-9e70-42e3-a96d-65d92555e29b/,primary,DEM,Booker,Cory Booker,0
98935,58602,2020,NA,11,ABC News/Washington Post,NA,NA,ABC News/Washington Post,3,ABC News/Washington Post,A+,460,a,a-d,Live Phone,U.S. President,6/28/19,2019-07-01,NA,FALSE,NA,FALSE,FALSE,7/3/19 8:17,open-ended question,https://www.washingtonpost.com/context/washington-post-abc-news-poll-june-28-july-1-2019/23419a67-9e70-42e3-a96d-65d92555e29b/,primary,DEM,Biden,Joe Biden,25
98935,58602,2020,NA,11,ABC News/Washington Post,NA,NA,ABC News/Washington Post,3,ABC News/Washington Post,A+,460,a,a-d,Live Phone,U.S. President,6/28/19,2019-07-01,NA,FALSE,NA,FALSE,FALSE,7/3/19 8:17,open-ended question,https://www.washingtonpost.com/context/washington-post-abc-news-poll-june-28-july-1-2019/23419a67-9e70-42e3-a96d-65d92555e29b/,primary,DEM,Sanders,Bernie Sanders,18
98935,58602,2020,NA,11,ABC News/Washington Post,NA,NA,ABC News/Washington Post,3,ABC News/Washington Post,A+,460,a,a-d,Live Phone,U.S. President,6/28/19,2019-07-01,NA,FALSE,NA,FALSE,FALSE,7/3/19 8:17,open-ended question,https://www.washingtonpost.com/context/washington-post-abc-news-poll-june-28-july-1-2019/23419a67-9e70-42e3-a96d-65d92555e29b/,primary,DEM,Harris,Kamala Harris,9
98935,58602,2020,NA,11,ABC News/Washington Post,NA,NA,ABC News/Washington Post,3,ABC News/Washington Post,A+,460,a,a-d,Live Phone,U.S. President,6/28/19,2019-07-01,NA,FALSE,NA,FALSE,FALSE,7/3/19 8:17,open-ended question,https://www.washingtonpost.com/context/washington-post-abc-news-poll-june-28-july-1-2019/23419a67-9e70-42e3-a96d-65d92555e29b/,primary,DEM,Warren,Elizabeth Warren,9
98935,58602,2020,NA,11,ABC News/Washington Post,NA,NA,ABC News/Washington Post,3,ABC News/Washington Post,A+,460,a,a-d,Live Phone,U.S. President,6/28/19,2019-07-01,NA,FALSE,NA,FALSE,FALSE,7/3/19 8:17,open-ended question,https://www.washingtonpost.com/context/washington-post-abc-news-poll-june-28-july-1-2019/23419a67-9e70-42e3-a96d-65d92555e29b/,primary,DEM,Buttigieg,Pete Buttigieg,3
98935,58602,2020,NA,11,ABC News/Washington Post,NA,NA,ABC News/Washington Post,3,ABC News/Washington Post,A+,460,a,a-d,Live Phone,U.S. President,6/28/19,2019-07-01,NA,FALSE,NA,FALSE,FALSE,7/3/19 8:17,open-ended question,https://www.washingtonpost.com/context/washington-post-abc-news-poll-june-28-july-1-2019/23419a67-9e70-42e3-a96d-65d92555e29b/,primary,DEM,Gabbard,Tulsi Gabbard,1
98935,58602,2020,NA,11,ABC News/Washington Post,NA,NA,ABC News/Washington Post,3,ABC News/Washington Post,A+,460,a,a-d,Live Phone,U.S. President,6/28/19,2019-07-01,NA,FALSE,NA,FALSE,FALSE,7/3/19 8:17,open-ended question,https://www.washingtonpost.com/context/washington-post-abc-news-poll-june-28-july-1-2019/23419a67-9e70-42e3-a96d-65d92555e29b/,primary,DEM,Klobuchar,Amy Klobuchar,1
98935,58602,2020,NA,11,ABC News/Washington Post,NA,NA,ABC News/Washington Post,3,ABC News/Washington Post,A+,460,a,a-d,Live Phone,U.S. President,6/28/19,2019-07-01,NA,FALSE,NA,FALSE,FALSE,7/3/19 8:17,open-ended question,https://www.washingtonpost.com/context/washington-post-abc-news-poll-june-28-july-1-2019/23419a67-9e70-42e3-a96d-65d92555e29b/,primary,DEM,Yang,Andrew Yang,1
98935,58602,2020,NA,11,ABC News/Washington Post,NA,NA,ABC News/Washington Post,3,ABC News/Washington Post,A+,460,a,a-d,Live Phone,U.S. President,6/28/19,2019-07-01,NA,FALSE,NA,FALSE,FALSE,7/3/19 8:17,open-ended question,https://www.washingtonpost.com/context/washington-post-abc-news-poll-june-28-july-1-2019/23419a67-9e70-42e3-a96d-65d92555e29b/,primary,DEM,Castro,Julián Castro,1
98935,58602,2020,NA,11,ABC News/Washington Post,NA,NA,ABC News/Washington Post,3,ABC News/Washington Post,A+,460,a,a-d,Live Phone,U.S. President,6/28/19,2019-07-01,NA,FALSE,NA,FALSE,FALSE,7/3/19 8:17,open-ended question,https://www.washingtonpost.com/context/washington-post-abc-news-poll-june-28-july-1-2019/23419a67-9e70-42e3-a96d-65d92555e29b/,primary,DEM,Booker,Cory Booker,0
98936,58602,2020,NA,11,ABC News/Washington Post,NA,NA,ABC News/Washington Post,3,ABC News/Washington Post,A+,397,rv,rv-d,Live Phone,U.S. President,6/28/19,2019-07-01,NA,FALSE,NA,FALSE,FALSE,7/3/19 8:17,NA,https://www.washingtonpost.com/context/washington-post-abc-news-poll-june-28-july-1-2019/23419a67-9e70-42e3-a96d-65d92555e29b/,primary,DEM,Biden,Joe Biden,30
98936,58602,2020,NA,11,ABC News/Washington Post,NA,NA,ABC News/Washington Post,3,ABC News/Washington Post,A+,397,rv,rv-d,Live Phone,U.S. President,6/28/19,2019-07-01,NA,FALSE,NA,FALSE,FALSE,7/3/19 8:17,NA,https://www.washingtonpost.com/context/washington-post-abc-news-poll-june-28-july-1-2019/23419a67-9e70-42e3-a96d-65d92555e29b/,primary,DEM,Sanders,Bernie Sanders,19
98936,58602,2020,NA,11,ABC News/Washington Post,NA,NA,ABC News/Washington Post,3,ABC News/Washington Post,A+,397,rv,rv-d,Live Phone,U.S. President,6/28/19,2019-07-01,NA,FALSE,NA,FALSE,FALSE,7/3/19 8:17,NA,https://www.washingtonpost.com/context/washington-post-abc-news-poll-june-28-july-1-2019/23419a67-9e70-42e3-a96d-65d92555e29b/,primary,DEM,Harris,Kamala Harris,13
98936,58602,2020,NA,11,ABC News/Washington Post,NA,NA,ABC News/Washington Post,3,ABC News/Washington Post,A+,397,rv,rv-d,Live Phone,U.S. President,6/28/19,2019-07-01,NA,FALSE,NA,FALSE,FALSE,7/3/19 8:17,NA,https://www.washingtonpost.com/context/washington-post-abc-news-poll-june-28-july-1-2019/23419a67-9e70-42e3-a96d-65d92555e29b/,primary,DEM,Warren,Elizabeth Warren,12
98936,58602,2020,NA,11,ABC News/Washington Post,NA,NA,ABC News/Washington Post,3,ABC News/Washington Post,A+,397,rv,rv-d,Live Phone,U.S. President,6/28/19,2019-07-01,NA,FALSE,NA,FALSE,FALSE,7/3/19 8:17,NA,https://www.washingtonpost.com/context/washington-post-abc-news-poll-june-28-july-1-2019/23419a67-9e70-42e3-a96d-65d92555e29b/,primary,DEM,Buttigieg,Pete Buttigieg,4
98936,58602,2020,NA,11,ABC News/Washington Post,NA,NA,ABC News/Washington Post,3,ABC News/Washington Post,A+,397,rv,rv-d,Live Phone,U.S. President,6/28/19,2019-07-01,NA,FALSE,NA,FALSE,FALSE,7/3/19 8:17,NA,https://www.washingtonpost.com/context/washington-post-abc-news-poll-june-28-july-1-2019/23419a67-9e70-42e3-a96d-65d92555e29b/,primary,DEM,Castro,Julián Castro,3
98936,58602,2020,NA,11,ABC News/Washington Post,NA,NA,ABC News/Washington Post,3,ABC News/Washington Post,A+,397,rv,rv-d,Live Phone,U.S. President,6/28/19,2019-07-01,NA,FALSE,NA,FALSE,FALSE,7/3/19 8:17,NA,https://www.washingtonpost.com/context/washington-post-abc-news-poll-june-28-july-1-2019/23419a67-9e70-42e3-a96d-65d92555e29b/,primary,DEM,Klobuchar,Amy Klobuchar,2
98936,58602,2020,NA,11,ABC News/Washington Post,NA,NA,ABC News/Washington Post,3,ABC News/Washington Post,A+,397,rv,rv-d,Live Phone,U.S. President,6/28/19,2019-07-01,NA,FALSE,NA,FALSE,FALSE,7/3/19 8:17,NA,https://www.washingtonpost.com/context/washington-post-abc-news-poll-june-28-july-1-2019/23419a67-9e70-42e3-a96d-65d92555e29b/,primary,DEM,Booker,Cory Booker,1
98936,58602,2020,NA,11,ABC News/Washington Post,NA,NA,ABC News/Washington Post,3,ABC News/Washington Post,A+,397,rv,rv-d,Live Phone,U.S. President,6/28/19,2019-07-01,NA,FALSE,NA,FALSE,FALSE,7/3/19 8:17,NA,https://www.washingtonpost.com/context/washington-post-abc-news-poll-june-28-july-1-2019/23419a67-9e70-42e3-a96d-65d92555e29b/,primary,DEM,Gabbard,Tulsi Gabbard,1
98936,58602,2020,NA,11,ABC News/Washington Post,NA,NA,ABC News/Washington Post,3,ABC News/Washington Post,A+,397,rv,rv-d,Live Phone,U.S. President,6/28/19,2019-07-01,NA,FALSE,NA,FALSE,FALSE,7/3/19 8:17,NA,https://www.washingtonpost.com/context/washington-post-abc-news-poll-june-28-july-1-2019/23419a67-9e70-42e3-a96d-65d92555e29b/,primary,DEM,Yang,Andrew Yang,0
98937,58602,2020,NA,11,ABC News/Washington Post,NA,NA,ABC News/Washington Post,3,ABC News/Washington Post,A+,460,a,a-d,Live Phone,U.S. President,6/28/19,2019-07-01,NA,FALSE,NA,FALSE,FALSE,7/3/19 8:17,NA,https://www.washingtonpost.com/context/washington-post-abc-news-poll-june-28-july-1-2019/23419a67-9e70-42e3-a96d-65d92555e29b/,primary,DEM,Biden,Joe Biden,29
98937,58602,2020,NA,11,ABC News/Washington Post,NA,NA,ABC News/Washington Post,3,ABC News/Washington Post,A+,460,a,a-d,Live Phone,U.S. President,6/28/19,2019-07-01,NA,FALSE,NA,FALSE,FALSE,7/3/19 8:17,NA,https://www.washingtonpost.com/context/washington-post-abc-news-poll-june-28-july-1-2019/23419a67-9e70-42e3-a96d-65d92555e29b/,primary,DEM,Sanders,Bernie Sanders,23
98937,58602,2020,NA,11,ABC News/Washington Post,NA,NA,ABC News/Washington Post,3,ABC News/Washington Post,A+,460,a,a-d,Live Phone,U.S. President,6/28/19,2019-07-01,NA,FALSE,NA,FALSE,FALSE,7/3/19 8:17,NA,https://www.washingtonpost.com/context/washington-post-abc-news-poll-june-28-july-1-2019/23419a67-9e70-42e3-a96d-65d92555e29b/,primary,DEM,Harris,Kamala Harris,11
98937,58602,2020,NA,11,ABC News/Washington Post,NA,NA,ABC News/Washington Post,3,ABC News/Washington Post,A+,460,a,a-d,Live Phone,U.S. President,6/28/19,2019-07-01,NA,FALSE,NA,FALSE,FALSE,7/3/19 8:17,NA,https://www.washingtonpost.com/context/washington-post-abc-news-poll-june-28-july-1-2019/23419a67-9e70-42e3-a96d-65d92555e29b/,primary,DEM,Warren,Elizabeth Warren,11
98937,58602,2020,NA,11,ABC News/Washington Post,NA,NA,ABC News/Washington Post,3,ABC News/Washington Post,A+,460,a,a-d,Live Phone,U.S. President,6/28/19,2019-07-01,NA,FALSE,NA,FALSE,FALSE,7/3/19 8:17,NA,https://www.washingtonpost.com/context/washington-post-abc-news-poll-june-28-july-1-2019/23419a67-9e70-42e3-a96d-65d92555e29b/,primary,DEM,Buttigieg,Pete Buttigieg,4
98937,58602,2020,NA,11,ABC News/Washington Post,NA,NA,ABC News/Washington Post,3,ABC News/Washington Post,A+,460,a,a-d,Live Phone,U.S. President,6/28/19,2019-07-01,NA,FALSE,NA,FALSE,FALSE,7/3/19 8:17,NA,https://www.washingtonpost.com/context/washington-post-abc-news-poll-june-28-july-1-2019/23419a67-9e70-42e3-a96d-65d92555e29b/,primary,DEM,Castro,Julián Castro,4
98937,58602,2020,NA,11,ABC News/Washington Post,NA,NA,ABC News/Washington Post,3,ABC News/Washington Post,A+,460,a,a-d,Live Phone,U.S. President,6/28/19,2019-07-01,NA,FALSE,NA,FALSE,FALSE,7/3/19 8:17,NA,https://www.washingtonpost.com/context/washington-post-abc-news-poll-june-28-july-1-2019/23419a67-9e70-42e3-a96d-65d92555e29b/,primary,DEM,Klobuchar,Amy Klobuchar,2
98937,58602,2020,NA,11,ABC News/Washington Post,NA,NA,ABC News/Washington Post,3,ABC News/Washington Post,A+,460,a,a-d,Live Phone,U.S. President,6/28/19,2019-07-01,NA,FALSE,NA,FALSE,FALSE,7/3/19 8:17,NA,https://www.washingtonpost.com/context/washington-post-abc-news-poll-june-28-july-1-2019/23419a67-9e70-42e3-a96d-65d92555e29b/,primary,DEM,Booker,Cory Booker,1
98937,58602,2020,NA,11,ABC News/Washington Post,NA,NA,ABC News/Washington Post,3,ABC News/Washington Post,A+,460,a,a-d,Live Phone,U.S. President,6/28/19,2019-07-01,NA,FALSE,NA,FALSE,FALSE,7/3/19 8:17,NA,https://www.washingtonpost.com/context/washington-post-abc-news-poll-june-28-july-1-2019/23419a67-9e70-42e3-a96d-65d92555e29b/,primary,DEM,Gabbard,Tulsi Gabbard,1
98937,58602,2020,NA,11,ABC News/Washington Post,NA,NA,ABC News/Washington Post,3,ABC News/Washington Post,A+,460,a,a-d,Live Phone,U.S. President,6/28/19,2019-07-01,NA,FALSE,NA,FALSE,FALSE,7/3/19 8:17,NA,https://www.washingtonpost.com/context/washington-post-abc-news-poll-june-28-july-1-2019/23419a67-9e70-42e3-a96d-65d92555e29b/,primary,DEM,Yang,Andrew Yang,1
98175,58505,2020,NA,320,Monmouth University,NA,NA,Monmouth University,215,Monmouth University,A+,306,rv,rv-d,Live Phone,U.S. President,6/12/19,2019-06-17,NA,FALSE,NA,FALSE,FALSE,6/19/19 13:34,NA,https://www.monmouth.edu/polling-institute/documents/monmouthpoll_us_061919.pdf/,primary,DEM,Biden,Joe Biden,32
98175,58505,2020,NA,320,Monmouth University,NA,NA,Monmouth University,215,Monmouth University,A+,306,rv,rv-d,Live Phone,U.S. President,6/12/19,2019-06-17,NA,FALSE,NA,FALSE,FALSE,6/19/19 13:34,NA,https://www.monmouth.edu/polling-institute/documents/monmouthpoll_us_061919.pdf/,primary,DEM,Warren,Elizabeth Warren,15
98175,58505,2020,NA,320,Monmouth University,NA,NA,Monmouth University,215,Monmouth University,A+,306,rv,rv-d,Live Phone,U.S. President,6/12/19,2019-06-17,NA,FALSE,NA,FALSE,FALSE,6/19/19 13:34,NA,https://www.monmouth.edu/polling-institute/documents/monmouthpoll_us_061919.pdf/,primary,DEM,Sanders,Bernie Sanders,14
98175,58505,2020,NA,320,Monmouth University,NA,NA,Monmouth University,215,Monmouth University,A+,306,rv,rv-d,Live Phone,U.S. President,6/12/19,2019-06-17,NA,FALSE,NA,FALSE,FALSE,6/19/19 13:34,NA,https://www.monmouth.edu/polling-institute/documents/monmouthpoll_us_061919.pdf/,primary,DEM,Harris,Kamala Harris,8
98175,58505,2020,NA,320,Monmouth University,NA,NA,Monmouth University,215,Monmouth University,A+,306,rv,rv-d,Live Phone,U.S. President,6/12/19,2019-06-17,NA,FALSE,NA,FALSE,FALSE,6/19/19 13:34,NA,https://www.monmouth.edu/polling-institute/documents/monmouthpoll_us_061919.pdf/,primary,DEM,Buttigieg,Pete Buttigieg,5
98175,58505,2020,NA,320,Monmouth University,NA,NA,Monmouth University,215,Monmouth University,A+,306,rv,rv-d,Live Phone,U.S. President,6/12/19,2019-06-17,NA,FALSE,NA,FALSE,FALSE,6/19/19 13:34,NA,https://www.monmouth.edu/polling-institute/documents/monmouthpoll_us_061919.pdf/,primary,DEM,Booker,Cory Booker,2
98175,58505,2020,NA,320,Monmouth University,NA,NA,Monmouth University,215,Monmouth University,A+,306,rv,rv-d,Live Phone,U.S. President,6/12/19,2019-06-17,NA,FALSE,NA,FALSE,FALSE,6/19/19 13:34,NA,https://www.monmouth.edu/polling-institute/documents/monmouthpoll_us_061919.pdf/,primary,DEM,Yang,Andrew Yang,2
98175,58505,2020,NA,320,Monmouth University,NA,NA,Monmouth University,215,Monmouth University,A+,306,rv,rv-d,Live Phone,U.S. President,6/12/19,2019-06-17,NA,FALSE,NA,FALSE,FALSE,6/19/19 13:34,NA,https://www.monmouth.edu/polling-institute/documents/monmouthpoll_us_061919.pdf/,primary,DEM,Gabbard,Tulsi Gabbard,1
98175,58505,2020,NA,320,Monmouth University,NA,NA,Monmouth University,215,Monmouth University,A+,306,rv,rv-d,Live Phone,U.S. President,6/12/19,2019-06-17,NA,FALSE,NA,FALSE,FALSE,6/19/19 13:34,NA,https://www.monmouth.edu/polling-institute/documents/monmouthpoll_us_061919.pdf/,primary,DEM,Klobuchar,Amy Klobuchar,1
98175,58505,2020,NA,320,Monmouth University,NA,NA,Monmouth University,215,Monmouth University,A+,306,rv,rv-d,Live Phone,U.S. President,6/12/19,2019-06-17,NA,FALSE,NA,FALSE,FALSE,6/19/19 13:34,NA,https://www.monmouth.edu/polling-institute/documents/monmouthpoll_us_061919.pdf/,primary,DEM,Castro,Julián Castro,0
94573,58116,2020,NA,320,Monmouth University,NA,NA,Monmouth University,215,Monmouth University,A+,334,rv,rv-d,Live Phone,U.S. President,5/16/19,2019-05-20,NA,FALSE,NA,FALSE,FALSE,5/23/19 12:03,NA,https://www.monmouth.edu/polling-institute/documents/monmouthpoll_us_052319.pdf/,primary,DEM,Biden,Joe Biden,33
94573,58116,2020,NA,320,Monmouth University,NA,NA,Monmouth University,215,Monmouth University,A+,334,rv,rv-d,Live Phone,U.S. President,5/16/19,2019-05-20,NA,FALSE,NA,FALSE,FALSE,5/23/19 12:03,NA,https://www.monmouth.edu/polling-institute/documents/monmouthpoll_us_052319.pdf/,primary,DEM,Sanders,Bernie Sanders,15
94573,58116,2020,NA,320,Monmouth University,NA,NA,Monmouth University,215,Monmouth University,A+,334,rv,rv-d,Live Phone,U.S. President,5/16/19,2019-05-20,NA,FALSE,NA,FALSE,FALSE,5/23/19 12:03,NA,https://www.monmouth.edu/polling-institute/documents/monmouthpoll_us_052319.pdf/,primary,DEM,Harris,Kamala Harris,11
94573,58116,2020,NA,320,Monmouth University,NA,NA,Monmouth University,215,Monmouth University,A+,334,rv,rv-d,Live Phone,U.S. President,5/16/19,2019-05-20,NA,FALSE,NA,FALSE,FALSE,5/23/19 12:03,NA,https://www.monmouth.edu/polling-institute/documents/monmouthpoll_us_052319.pdf/,primary,DEM,Warren,Elizabeth Warren,10
94573,58116,2020,NA,320,Monmouth University,NA,NA,Monmouth University,215,Monmouth University,A+,334,rv,rv-d,Live Phone,U.S. President,5/16/19,2019-05-20,NA,FALSE,NA,FALSE,FALSE,5/23/19 12:03,NA,https://www.monmouth.edu/polling-institute/documents/monmouthpoll_us_052319.pdf/,primary,DEM,Buttigieg,Pete Buttigieg,6
94573,58116,2020,NA,320,Monmouth University,NA,NA,Monmouth University,215,Monmouth University,A+,334,rv,rv-d,Live Phone,U.S. President,5/16/19,2019-05-20,NA,FALSE,NA,FALSE,FALSE,5/23/19 12:03,NA,https://www.monmouth.edu/polling-institute/documents/monmouthpoll_us_052319.pdf/,primary,DEM,Klobuchar,Amy Klobuchar,3
94573,58116,2020,NA,320,Monmouth University,NA,NA,Monmouth University,215,Monmouth University,A+,334,rv,rv-d,Live Phone,U.S. President,5/16/19,2019-05-20,NA,FALSE,NA,FALSE,FALSE,5/23/19 12:03,NA,https://www.monmouth.edu/polling-institute/documents/monmouthpoll_us_052319.pdf/,primary,DEM,Booker,Cory Booker,1
94573,58116,2020,NA,320,Monmouth University,NA,NA,Monmouth University,215,Monmouth University,A+,334,rv,rv-d,Live Phone,U.S. President,5/16/19,2019-05-20,NA,FALSE,NA,FALSE,FALSE,5/23/19 12:03,NA,https://www.monmouth.edu/polling-institute/documents/monmouthpoll_us_052319.pdf/,primary,DEM,Castro,Julián Castro,1
94573,58116,2020,NA,320,Monmouth University,NA,NA,Monmouth University,215,Monmouth University,A+,334,rv,rv-d,Live Phone,U.S. President,5/16/19,2019-05-20,NA,FALSE,NA,FALSE,FALSE,5/23/19 12:03,NA,https://www.monmouth.edu/polling-institute/documents/monmouthpoll_us_052319.pdf/,primary,DEM,Gabbard,Tulsi Gabbard,1
94573,58116,2020,NA,320,Monmouth University,NA,NA,Monmouth University,215,Monmouth University,A+,334,rv,rv-d,Live Phone,U.S. President,5/16/19,2019-05-20,NA,FALSE,NA,FALSE,FALSE,5/23/19 12:03,NA,https://www.monmouth.edu/polling-institute/documents/monmouthpoll_us_052319.pdf/,primary,DEM,Yang,Andrew Yang,1
94265,57958,2020,NA,11,ABC News/Washington Post,NA,NA,ABC News/Washington Post,3,ABC News/Washington Post,A+,427,a,a-d,Live Phone,U.S. President,4/22/19,2019-04-25,NA,FALSE,NA,FALSE,FALSE,4/29/19 10:35,open-ended question,https://www.langerresearch.com/wp-content/uploads/1205a2Democrats2020.pdf,primary,DEM,Biden,Joe Biden,17
94265,57958,2020,NA,11,ABC News/Washington Post,NA,NA,ABC News/Washington Post,3,ABC News/Washington Post,A+,427,a,a-d,Live Phone,U.S. President,4/22/19,2019-04-25,NA,FALSE,NA,FALSE,FALSE,4/29/19 10:35,open-ended question,https://www.langerresearch.com/wp-content/uploads/1205a2Democrats2020.pdf,primary,DEM,Sanders,Bernie Sanders,11
94265,57958,2020,NA,11,ABC News/Washington Post,NA,NA,ABC News/Washington Post,3,ABC News/Washington Post,A+,427,a,a-d,Live Phone,U.S. President,4/22/19,2019-04-25,NA,FALSE,NA,FALSE,FALSE,4/29/19 10:35,open-ended question,https://www.langerresearch.com/wp-content/uploads/1205a2Democrats2020.pdf,primary,DEM,Buttigieg,Pete Buttigieg,5
94265,57958,2020,NA,11,ABC News/Washington Post,NA,NA,ABC News/Washington Post,3,ABC News/Washington Post,A+,427,a,a-d,Live Phone,U.S. President,4/22/19,2019-04-25,NA,FALSE,NA,FALSE,FALSE,4/29/19 10:35,open-ended question,https://www.langerresearch.com/wp-content/uploads/1205a2Democrats2020.pdf,primary,DEM,Harris,Kamala Harris,4
94265,57958,2020,NA,11,ABC News/Washington Post,NA,NA,ABC News/Washington Post,3,ABC News/Washington Post,A+,427,a,a-d,Live Phone,U.S. President,4/22/19,2019-04-25,NA,FALSE,NA,FALSE,FALSE,4/29/19 10:35,open-ended question,https://www.langerresearch.com/wp-content/uploads/1205a2Democrats2020.pdf,primary,DEM,Warren,Elizabeth Warren,4
94265,57958,2020,NA,11,ABC News/Washington Post,NA,NA,ABC News/Washington Post,3,ABC News/Washington Post,A+,427,a,a-d,Live Phone,U.S. President,4/22/19,2019-04-25,NA,FALSE,NA,FALSE,FALSE,4/29/19 10:35,open-ended question,https://www.langerresearch.com/wp-content/uploads/1205a2Democrats2020.pdf,primary,DEM,Booker,Cory Booker,1
94265,57958,2020,NA,11,ABC News/Washington Post,NA,NA,ABC News/Washington Post,3,ABC News/Washington Post,A+,427,a,a-d,Live Phone,U.S. President,4/22/19,2019-04-25,NA,FALSE,NA,FALSE,FALSE,4/29/19 10:35,open-ended question,https://www.langerresearch.com/wp-content/uploads/1205a2Democrats2020.pdf,primary,DEM,Klobuchar,Amy Klobuchar,1
94265,57958,2020,NA,11,ABC News/Washington Post,NA,NA,ABC News/Washington Post,3,ABC News/Washington Post,A+,427,a,a-d,Live Phone,U.S. President,4/22/19,2019-04-25,NA,FALSE,NA,FALSE,FALSE,4/29/19 10:35,open-ended question,https://www.langerresearch.com/wp-content/uploads/1205a2Democrats2020.pdf,primary,DEM,Castro,Julián Castro,0
94265,57958,2020,NA,11,ABC News/Washington Post,NA,NA,ABC News/Washington Post,3,ABC News/Washington Post,A+,427,a,a-d,Live Phone,U.S. President,4/22/19,2019-04-25,NA,FALSE,NA,FALSE,FALSE,4/29/19 10:35,open-ended question,https://www.langerresearch.com/wp-content/uploads/1205a2Democrats2020.pdf,primary,DEM,Yang,Andrew Yang,0
94197,57900,2020,NA,320,Monmouth University,NA,NA,Monmouth University,215,Monmouth University,A+,330,rv,rv-d,Live Phone,U.S. President,4/11/19,2019-04-15,NA,FALSE,NA,FALSE,FALSE,4/23/19 9:12,NA,https://www.monmouth.edu/polling-institute/documents/monmouthpoll_us_042319.pdf/,primary,DEM,Biden,Joe Biden,27
94197,57900,2020,NA,320,Monmouth University,NA,NA,Monmouth University,215,Monmouth University,A+,330,rv,rv-d,Live Phone,U.S. President,4/11/19,2019-04-15,NA,FALSE,NA,FALSE,FALSE,4/23/19 9:12,NA,https://www.monmouth.edu/polling-institute/documents/monmouthpoll_us_042319.pdf/,primary,DEM,Sanders,Bernie Sanders,20
94197,57900,2020,NA,320,Monmouth University,NA,NA,Monmouth University,215,Monmouth University,A+,330,rv,rv-d,Live Phone,U.S. President,4/11/19,2019-04-15,NA,FALSE,NA,FALSE,FALSE,4/23/19 9:12,NA,https://www.monmouth.edu/polling-institute/documents/monmouthpoll_us_042319.pdf/,primary,DEM,Buttigieg,Pete Buttigieg,8
94197,57900,2020,NA,320,Monmouth University,NA,NA,Monmouth University,215,Monmouth University,A+,330,rv,rv-d,Live Phone,U.S. President,4/11/19,2019-04-15,NA,FALSE,NA,FALSE,FALSE,4/23/19 9:12,NA,https://www.monmouth.edu/polling-institute/documents/monmouthpoll_us_042319.pdf/,primary,DEM,Harris,Kamala Harris,8
94197,57900,2020,NA,320,Monmouth University,NA,NA,Monmouth University,215,Monmouth University,A+,330,rv,rv-d,Live Phone,U.S. President,4/11/19,2019-04-15,NA,FALSE,NA,FALSE,FALSE,4/23/19 9:12,NA,https://www.monmouth.edu/polling-institute/documents/monmouthpoll_us_042319.pdf/,primary,DEM,Warren,Elizabeth Warren,6
94197,57900,2020,NA,320,Monmouth University,NA,NA,Monmouth University,215,Monmouth University,A+,330,rv,rv-d,Live Phone,U.S. President,4/11/19,2019-04-15,NA,FALSE,NA,FALSE,FALSE,4/23/19 9:12,NA,https://www.monmouth.edu/polling-institute/documents/monmouthpoll_us_042319.pdf/,primary,DEM,Booker,Cory Booker,2
94197,57900,2020,NA,320,Monmouth University,NA,NA,Monmouth University,215,Monmouth University,A+,330,rv,rv-d,Live Phone,U.S. President,4/11/19,2019-04-15,NA,FALSE,NA,FALSE,FALSE,4/23/19 9:12,NA,https://www.monmouth.edu/polling-institute/documents/monmouthpoll_us_042319.pdf/,primary,DEM,Klobuchar,Amy Klobuchar,1
94197,57900,2020,NA,320,Monmouth University,NA,NA,Monmouth University,215,Monmouth University,A+,330,rv,rv-d,Live Phone,U.S. President,4/11/19,2019-04-15,NA,FALSE,NA,FALSE,FALSE,4/23/19 9:12,NA,https://www.monmouth.edu/polling-institute/documents/monmouthpoll_us_042319.pdf/,primary,DEM,Castro,Julián Castro,0
94197,57900,2020,NA,320,Monmouth University,NA,NA,Monmouth University,215,Monmouth University,A+,330,rv,rv-d,Live Phone,U.S. President,4/11/19,2019-04-15,NA,FALSE,NA,FALSE,FALSE,4/23/19 9:12,NA,https://www.monmouth.edu/polling-institute/documents/monmouthpoll_us_042319.pdf/,primary,DEM,Yang,Andrew Yang,0
94197,57900,2020,NA,320,Monmouth University,NA,NA,Monmouth University,215,Monmouth University,A+,330,rv,rv-d,Live Phone,U.S. President,4/11/19,2019-04-15,NA,FALSE,NA,FALSE,FALSE,4/23/19 9:12,NA,https://www.monmouth.edu/polling-institute/documents/monmouthpoll_us_042319.pdf/,primary,DEM,Gabbard,Tulsi Gabbard,0
94198,57900,2020,NA,320,Monmouth University,NA,NA,Monmouth University,215,Monmouth University,A+,330,rv,rv-d,Live Phone,U.S. President,4/11/19,2019-04-15,NA,FALSE,NA,FALSE,FALSE,4/23/19 9:13,NA,https://www.monmouth.edu/polling-institute/documents/monmouthpoll_us_042319.pdf/,primary,DEM,Sanders,Bernie Sanders,27
94198,57900,2020,NA,320,Monmouth University,NA,NA,Monmouth University,215,Monmouth University,A+,330,rv,rv-d,Live Phone,U.S. President,4/11/19,2019-04-15,NA,FALSE,NA,FALSE,FALSE,4/23/19 9:13,NA,https://www.monmouth.edu/polling-institute/documents/monmouthpoll_us_042319.pdf/,primary,DEM,Buttigieg,Pete Buttigieg,11
94198,57900,2020,NA,320,Monmouth University,NA,NA,Monmouth University,215,Monmouth University,A+,330,rv,rv-d,Live Phone,U.S. President,4/11/19,2019-04-15,NA,FALSE,NA,FALSE,FALSE,4/23/19 9:13,NA,https://www.monmouth.edu/polling-institute/documents/monmouthpoll_us_042319.pdf/,primary,DEM,Harris,Kamala Harris,11
94198,57900,2020,NA,320,Monmouth University,NA,NA,Monmouth University,215,Monmouth University,A+,330,rv,rv-d,Live Phone,U.S. President,4/11/19,2019-04-15,NA,FALSE,NA,FALSE,FALSE,4/23/19 9:13,NA,https://www.monmouth.edu/polling-institute/documents/monmouthpoll_us_042319.pdf/,primary,DEM,Warren,Elizabeth Warren,8
94198,57900,2020,NA,320,Monmouth University,NA,NA,Monmouth University,215,Monmouth University,A+,330,rv,rv-d,Live Phone,U.S. President,4/11/19,2019-04-15,NA,FALSE,NA,FALSE,FALSE,4/23/19 9:13,NA,https://www.monmouth.edu/polling-institute/documents/monmouthpoll_us_042319.pdf/,primary,DEM,Booker,Cory Booker,3
94198,57900,2020,NA,320,Monmouth University,NA,NA,Monmouth University,215,Monmouth University,A+,330,rv,rv-d,Live Phone,U.S. President,4/11/19,2019-04-15,NA,FALSE,NA,FALSE,FALSE,4/23/19 9:13,NA,https://www.monmouth.edu/polling-institute/documents/monmouthpoll_us_042319.pdf/,primary,DEM,Klobuchar,Amy Klobuchar,2
94198,57900,2020,NA,320,Monmouth University,NA,NA,Monmouth University,215,Monmouth University,A+,330,rv,rv-d,Live Phone,U.S. President,4/11/19,2019-04-15,NA,FALSE,NA,FALSE,FALSE,4/23/19 9:13,NA,https://www.monmouth.edu/polling-institute/documents/monmouthpoll_us_042319.pdf/,primary,DEM,Yang,Andrew Yang,1
94198,57900,2020,NA,320,Monmouth University,NA,NA,Monmouth University,215,Monmouth University,A+,330,rv,rv-d,Live Phone,U.S. President,4/11/19,2019-04-15,NA,FALSE,NA,FALSE,FALSE,4/23/19 9:13,NA,https://www.monmouth.edu/polling-institute/documents/monmouthpoll_us_042319.pdf/,primary,DEM,Castro,Julián Castro,0
94198,57900,2020,NA,320,Monmouth University,NA,NA,Monmouth University,215,Monmouth University,A+,330,rv,rv-d,Live Phone,U.S. President,4/11/19,2019-04-15,NA,FALSE,NA,FALSE,FALSE,4/23/19 9:13,NA,https://www.monmouth.edu/polling-institute/documents/monmouthpoll_us_042319.pdf/,primary,DEM,Gabbard,Tulsi Gabbard,0
93515,57641,2020,NA,320,Monmouth University,NA,NA,Monmouth University,215,Monmouth University,A+,310,rv,rv-d,Live Phone,U.S. President,3/1/19,2019-03-04,NA,FALSE,NA,FALSE,FALSE,3/11/19 12:07,NA,https://www.monmouth.edu/polling-institute/documents/monmouthpoll_us_031119.pdf/,primary,DEM,Biden,Joe Biden,28
93515,57641,2020,NA,320,Monmouth University,NA,NA,Monmouth University,215,Monmouth University,A+,310,rv,rv-d,Live Phone,U.S. President,3/1/19,2019-03-04,NA,FALSE,NA,FALSE,FALSE,3/11/19 12:07,NA,https://www.monmouth.edu/polling-institute/documents/monmouthpoll_us_031119.pdf/,primary,DEM,Sanders,Bernie Sanders,25
93515,57641,2020,NA,320,Monmouth University,NA,NA,Monmouth University,215,Monmouth University,A+,310,rv,rv-d,Live Phone,U.S. President,3/1/19,2019-03-04,NA,FALSE,NA,FALSE,FALSE,3/11/19 12:07,NA,https://www.monmouth.edu/polling-institute/documents/monmouthpoll_us_031119.pdf/,primary,DEM,Harris,Kamala Harris,10
93515,57641,2020,NA,320,Monmouth University,NA,NA,Monmouth University,215,Monmouth University,A+,310,rv,rv-d,Live Phone,U.S. President,3/1/19,2019-03-04,NA,FALSE,NA,FALSE,FALSE,3/11/19 12:07,NA,https://www.monmouth.edu/polling-institute/documents/monmouthpoll_us_031119.pdf/,primary,DEM,Warren,Elizabeth Warren,8
93515,57641,2020,NA,320,Monmouth University,NA,NA,Monmouth University,215,Monmouth University,A+,310,rv,rv-d,Live Phone,U.S. President,3/1/19,2019-03-04,NA,FALSE,NA,FALSE,FALSE,3/11/19 12:07,NA,https://www.monmouth.edu/polling-institute/documents/monmouthpoll_us_031119.pdf/,primary,DEM,Booker,Cory Booker,5
93515,57641,2020,NA,320,Monmouth University,NA,NA,Monmouth University,215,Monmouth University,A+,310,rv,rv-d,Live Phone,U.S. President,3/1/19,2019-03-04,NA,FALSE,NA,FALSE,FALSE,3/11/19 12:07,NA,https://www.monmouth.edu/polling-institute/documents/monmouthpoll_us_031119.pdf/,primary,DEM,Klobuchar,Amy Klobuchar,3
93515,57641,2020,NA,320,Monmouth University,NA,NA,Monmouth University,215,Monmouth University,A+,310,rv,rv-d,Live Phone,U.S. President,3/1/19,2019-03-04,NA,FALSE,NA,FALSE,FALSE,3/11/19 12:07,NA,https://www.monmouth.edu/polling-institute/documents/monmouthpoll_us_031119.pdf/,primary,DEM,Castro,Julián Castro,1
93515,57641,2020,NA,320,Monmouth University,NA,NA,Monmouth University,215,Monmouth University,A+,310,rv,rv-d,Live Phone,U.S. President,3/1/19,2019-03-04,NA,FALSE,NA,FALSE,FALSE,3/11/19 12:07,NA,https://www.monmouth.edu/polling-institute/documents/monmouthpoll_us_031119.pdf/,primary,DEM,Yang,Andrew Yang,1
93515,57641,2020,NA,320,Monmouth University,NA,NA,Monmouth University,215,Monmouth University,A+,310,rv,rv-d,Live Phone,U.S. President,3/1/19,2019-03-04,NA,FALSE,NA,FALSE,FALSE,3/11/19 12:07,NA,https://www.monmouth.edu/polling-institute/documents/monmouthpoll_us_031119.pdf/,primary,DEM,Buttigieg,Pete Buttigieg,0
93515,57641,2020,NA,320,Monmouth University,NA,NA,Monmouth University,215,Monmouth University,A+,310,rv,rv-d,Live Phone,U.S. President,3/1/19,2019-03-04,NA,FALSE,NA,FALSE,FALSE,3/11/19 12:07,NA,https://www.monmouth.edu/polling-institute/documents/monmouthpoll_us_031119.pdf/,primary,DEM,Gabbard,Tulsi Gabbard,0
93516,57641,2020,NA,320,Monmouth University,NA,NA,Monmouth University,215,Monmouth University,A+,310,rv,rv-d,Live Phone,U.S. President,3/1/19,2019-03-04,NA,FALSE,NA,FALSE,FALSE,3/11/19 12:08,NA,https://www.monmouth.edu/polling-institute/documents/monmouthpoll_us_031119.pdf/,primary,DEM,Sanders,Bernie Sanders,32
93516,57641,2020,NA,320,Monmouth University,NA,NA,Monmouth University,215,Monmouth University,A+,310,rv,rv-d,Live Phone,U.S. President,3/1/19,2019-03-04,NA,FALSE,NA,FALSE,FALSE,3/11/19 12:08,NA,https://www.monmouth.edu/polling-institute/documents/monmouthpoll_us_031119.pdf/,primary,DEM,Harris,Kamala Harris,15
93516,57641,2020,NA,320,Monmouth University,NA,NA,Monmouth University,215,Monmouth University,A+,310,rv,rv-d,Live Phone,U.S. President,3/1/19,2019-03-04,NA,FALSE,NA,FALSE,FALSE,3/11/19 12:08,NA,https://www.monmouth.edu/polling-institute/documents/monmouthpoll_us_031119.pdf/,primary,DEM,Warren,Elizabeth Warren,10
93516,57641,2020,NA,320,Monmouth University,NA,NA,Monmouth University,215,Monmouth University,A+,310,rv,rv-d,Live Phone,U.S. President,3/1/19,2019-03-04,NA,FALSE,NA,FALSE,FALSE,3/11/19 12:08,NA,https://www.monmouth.edu/polling-institute/documents/monmouthpoll_us_031119.pdf/,primary,DEM,Booker,Cory Booker,6
93516,57641,2020,NA,320,Monmouth University,NA,NA,Monmouth University,215,Monmouth University,A+,310,rv,rv-d,Live Phone,U.S. President,3/1/19,2019-03-04,NA,FALSE,NA,FALSE,FALSE,3/11/19 12:08,NA,https://www.monmouth.edu/polling-institute/documents/monmouthpoll_us_031119.pdf/,primary,DEM,Klobuchar,Amy Klobuchar,3
93516,57641,2020,NA,320,Monmouth University,NA,NA,Monmouth University,215,Monmouth University,A+,310,rv,rv-d,Live Phone,U.S. President,3/1/19,2019-03-04,NA,FALSE,NA,FALSE,FALSE,3/11/19 12:08,NA,https://www.monmouth.edu/polling-institute/documents/monmouthpoll_us_031119.pdf/,primary,DEM,Castro,Julián Castro,1
93516,57641,2020,NA,320,Monmouth University,NA,NA,Monmouth University,215,Monmouth University,A+,310,rv,rv-d,Live Phone,U.S. President,3/1/19,2019-03-04,NA,FALSE,NA,FALSE,FALSE,3/11/19 12:08,NA,https://www.monmouth.edu/polling-institute/documents/monmouthpoll_us_031119.pdf/,primary,DEM,Yang,Andrew Yang,1
93516,57641,2020,NA,320,Monmouth University,NA,NA,Monmouth University,215,Monmouth University,A+,310,rv,rv-d,Live Phone,U.S. President,3/1/19,2019-03-04,NA,FALSE,NA,FALSE,FALSE,3/11/19 12:08,NA,https://www.monmouth.edu/polling-institute/documents/monmouthpoll_us_031119.pdf/,primary,DEM,Buttigieg,Pete Buttigieg,0
93516,57641,2020,NA,320,Monmouth University,NA,NA,Monmouth University,215,Monmouth University,A+,310,rv,rv-d,Live Phone,U.S. President,3/1/19,2019-03-04,NA,FALSE,NA,FALSE,FALSE,3/11/19 12:08,NA,https://www.monmouth.edu/polling-institute/documents/monmouthpoll_us_031119.pdf/,primary,DEM,Gabbard,Tulsi Gabbard,0
92991,57410,2020,NA,320,Monmouth University,NA,NA,Monmouth University,215,Monmouth University,A+,313,rv,rv-d,Live Phone,U.S. President,1/25/19,2019-01-27,NA,FALSE,NA,FALSE,FALSE,2/4/19 12:12,NA,https://www.monmouth.edu/polling-institute/documents/monmouthpoll_us_020419.pdf/,primary,DEM,Biden,Joe Biden,29
92991,57410,2020,NA,320,Monmouth University,NA,NA,Monmouth University,215,Monmouth University,A+,313,rv,rv-d,Live Phone,U.S. President,1/25/19,2019-01-27,NA,FALSE,NA,FALSE,FALSE,2/4/19 12:12,NA,https://www.monmouth.edu/polling-institute/documents/monmouthpoll_us_020419.pdf/,primary,DEM,Sanders,Bernie Sanders,16
92991,57410,2020,NA,320,Monmouth University,NA,NA,Monmouth University,215,Monmouth University,A+,313,rv,rv-d,Live Phone,U.S. President,1/25/19,2019-01-27,NA,FALSE,NA,FALSE,FALSE,2/4/19 12:12,NA,https://www.monmouth.edu/polling-institute/documents/monmouthpoll_us_020419.pdf/,primary,DEM,Warren,Elizabeth Warren,8
92991,57410,2020,NA,320,Monmouth University,NA,NA,Monmouth University,215,Monmouth University,A+,313,rv,rv-d,Live Phone,U.S. President,1/25/19,2019-01-27,NA,FALSE,NA,FALSE,FALSE,2/4/19 12:12,NA,https://www.monmouth.edu/polling-institute/documents/monmouthpoll_us_020419.pdf/,primary,DEM,Klobuchar,Amy Klobuchar,2
92991,57410,2020,NA,320,Monmouth University,NA,NA,Monmouth University,215,Monmouth University,A+,313,rv,rv-d,Live Phone,U.S. President,1/25/19,2019-01-27,NA,FALSE,NA,FALSE,FALSE,2/4/19 12:12,NA,https://www.monmouth.edu/polling-institute/documents/monmouthpoll_us_020419.pdf/,primary,DEM,Booker,Cory Booker,4
92991,57410,2020,NA,320,Monmouth University,NA,NA,Monmouth University,215,Monmouth University,A+,313,rv,rv-d,Live Phone,U.S. President,1/25/19,2019-01-27,NA,FALSE,NA,FALSE,FALSE,2/4/19 12:12,NA,https://www.monmouth.edu/polling-institute/documents/monmouthpoll_us_020419.pdf/,primary,DEM,Harris,Kamala Harris,11
92991,57410,2020,NA,320,Monmouth University,NA,NA,Monmouth University,215,Monmouth University,A+,313,rv,rv-d,Live Phone,U.S. President,1/25/19,2019-01-27,NA,FALSE,NA,FALSE,FALSE,2/4/19 12:12,NA,https://www.monmouth.edu/polling-institute/documents/monmouthpoll_us_020419.pdf/,primary,DEM,Buttigieg,Pete Buttigieg,0
92991,57410,2020,NA,320,Monmouth University,NA,NA,Monmouth University,215,Monmouth University,A+,313,rv,rv-d,Live Phone,U.S. President,1/25/19,2019-01-27,NA,FALSE,NA,FALSE,FALSE,2/4/19 12:12,NA,https://www.monmouth.edu/polling-institute/documents/monmouthpoll_us_020419.pdf/,primary,DEM,Castro,Julián Castro,1
92991,57410,2020,NA,320,Monmouth University,NA,NA,Monmouth University,215,Monmouth University,A+,313,rv,rv-d,Live Phone,U.S. President,1/25/19,2019-01-27,NA,FALSE,NA,FALSE,FALSE,2/4/19 12:12,NA,https://www.monmouth.edu/polling-institute/documents/monmouthpoll_us_020419.pdf/,primary,DEM,Gabbard,Tulsi Gabbard,1
92991,57410,2020,NA,320,Monmouth University,NA,NA,Monmouth University,215,Monmouth University,A+,313,rv,rv-d,Live Phone,U.S. President,1/25/19,2019-01-27,NA,FALSE,NA,FALSE,FALSE,2/4/19 12:12,NA,https://www.monmouth.edu/polling-institute/documents/monmouthpoll_us_020419.pdf/,primary,DEM,Yang,Andrew Yang,1
94264,57396,2020,NA,11,ABC News/Washington Post,NA,NA,ABC News/Washington Post,3,ABC News/Washington Post,A+,447,a,a-d,Live Phone,U.S. President,1/21/19,2019-01-24,NA,FALSE,NA,FALSE,FALSE,4/29/19 10:35,open-ended question,https://apps.washingtonpost.com/g/page/national/washington-post-abc-news-poll-jan-21-24/2355/,primary,DEM,Biden,Joe Biden,9
94264,57396,2020,NA,11,ABC News/Washington Post,NA,NA,ABC News/Washington Post,3,ABC News/Washington Post,A+,447,a,a-d,Live Phone,U.S. President,1/21/19,2019-01-24,NA,FALSE,NA,FALSE,FALSE,4/29/19 10:35,open-ended question,https://apps.washingtonpost.com/g/page/national/washington-post-abc-news-poll-jan-21-24/2355/,primary,DEM,Harris,Kamala Harris,8
94264,57396,2020,NA,11,ABC News/Washington Post,NA,NA,ABC News/Washington Post,3,ABC News/Washington Post,A+,447,a,a-d,Live Phone,U.S. President,1/21/19,2019-01-24,NA,FALSE,NA,FALSE,FALSE,4/29/19 10:35,open-ended question,https://apps.washingtonpost.com/g/page/national/washington-post-abc-news-poll-jan-21-24/2355/,primary,DEM,Sanders,Bernie Sanders,4
94264,57396,2020,NA,11,ABC News/Washington Post,NA,NA,ABC News/Washington Post,3,ABC News/Washington Post,A+,447,a,a-d,Live Phone,U.S. President,1/21/19,2019-01-24,NA,FALSE,NA,FALSE,FALSE,4/29/19 10:35,open-ended question,https://apps.washingtonpost.com/g/page/national/washington-post-abc-news-poll-jan-21-24/2355/,primary,DEM,Warren,Elizabeth Warren,2
94264,57396,2020,NA,11,ABC News/Washington Post,NA,NA,ABC News/Washington Post,3,ABC News/Washington Post,A+,447,a,a-d,Live Phone,U.S. President,1/21/19,2019-01-24,NA,FALSE,NA,FALSE,FALSE,4/29/19 10:35,open-ended question,https://apps.washingtonpost.com/g/page/national/washington-post-abc-news-poll-jan-21-24/2355/,primary,DEM,Booker,Cory Booker,1
94264,57396,2020,NA,11,ABC News/Washington Post,NA,NA,ABC News/Washington Post,3,ABC News/Washington Post,A+,447,a,a-d,Live Phone,U.S. President,1/21/19,2019-01-24,NA,FALSE,NA,FALSE,FALSE,4/29/19 10:35,open-ended question,https://apps.washingtonpost.com/g/page/national/washington-post-abc-news-poll-jan-21-24/2355/,primary,DEM,Klobuchar,Amy Klobuchar,1
94264,57396,2020,NA,11,ABC News/Washington Post,NA,NA,ABC News/Washington Post,3,ABC News/Washington Post,A+,447,a,a-d,Live Phone,U.S. President,1/21/19,2019-01-24,NA,FALSE,NA,FALSE,FALSE,4/29/19 10:35,open-ended question,https://apps.washingtonpost.com/g/page/national/washington-post-abc-news-poll-jan-21-24/2355/,primary,DEM,Castro,Julián Castro,0
