"","name","date","hits","geo"
"1","amy klobuchar",2019-02-03,13,"US-PA"
"2","amy klobuchar",2019-02-10,84,"US-PA"
"3","amy klobuchar",2019-02-17,38,"US-PA"
"4","amy klobuchar",2019-02-24,9,"US-PA"
"5","amy klobuchar",2019-03-03,7,"US-PA"
"6","amy klobuchar",2019-03-10,5,"US-PA"
"7","amy klobuchar",2019-03-17,9,"US-PA"
"8","amy klobuchar",2019-03-24,4,"US-PA"
"9","amy klobuchar",2019-03-31,6,"US-PA"
"10","amy klobuchar",2019-04-07,2,"US-PA"
"11","amy klobuchar",2019-04-14,3,"US-PA"
"12","amy klobuchar",2019-04-21,13,"US-PA"
"13","amy klobuchar",2019-04-28,7,"US-PA"
"14","amy klobuchar",2019-05-05,5,"US-PA"
"15","amy klobuchar",2019-05-12,3,"US-PA"
"16","amy klobuchar",2019-05-19,2,"US-PA"
"17","amy klobuchar",2019-05-26,2,"US-PA"
"18","amy klobuchar",2019-06-02,3,"US-PA"
"19","amy klobuchar",2019-06-09,3,"US-PA"
"20","amy klobuchar",2019-06-16,2,"US-PA"
"21","amy klobuchar",2019-06-23,18,"US-PA"
"22","amy klobuchar",2019-06-30,9,"US-PA"
"23","amy klobuchar",2019-07-07,5,"US-PA"
"24","amy klobuchar",2019-07-14,3,"US-PA"
"25","amy klobuchar",2019-07-21,3,"US-PA"
"26","amy klobuchar",2019-07-28,13,"US-PA"
"27","amy klobuchar",2019-08-04,5,"US-PA"
"28","amy klobuchar",2019-08-11,3,"US-PA"
"29","amy klobuchar",2019-08-18,4,"US-PA"
"30","amy klobuchar",2019-08-25,5,"US-PA"
"31","amy klobuchar",2019-09-01,4,"US-PA"
"32","amy klobuchar",2019-09-08,17,"US-PA"
"33","amy klobuchar",2019-09-15,14,"US-PA"
"34","amy klobuchar",2019-09-22,4,"US-PA"
"35","amy klobuchar",2019-09-29,7,"US-PA"
"36","amy klobuchar",2019-10-06,7,"US-PA"
"37","amy klobuchar",2019-10-13,26,"US-PA"
"38","amy klobuchar",2019-10-20,11,"US-PA"
"39","amy klobuchar",2019-10-27,9,"US-PA"
"40","amy klobuchar",2019-11-03,14,"US-PA"
"41","amy klobuchar",2019-02-03,18,"US-IA"
"42","amy klobuchar",2019-02-10,100,"US-IA"
"43","amy klobuchar",2019-02-17,46,"US-IA"
"44","amy klobuchar",2019-02-24,16,"US-IA"
"45","amy klobuchar",2019-03-03,6,"US-IA"
"46","amy klobuchar",2019-03-10,11,"US-IA"
"47","amy klobuchar",2019-03-17,14,"US-IA"
"48","amy klobuchar",2019-03-24,9,"US-IA"
"49","amy klobuchar",2019-03-31,6,"US-IA"
"50","amy klobuchar",2019-04-07,6,"US-IA"
"51","amy klobuchar",2019-04-14,10,"US-IA"
"52","amy klobuchar",2019-04-21,6,"US-IA"
"53","amy klobuchar",2019-04-28,13,"US-IA"
"54","amy klobuchar",2019-05-05,15,"US-IA"
"55","amy klobuchar",2019-05-12,0,"US-IA"
"56","amy klobuchar",2019-05-19,18,"US-IA"
"57","amy klobuchar",2019-05-26,15,"US-IA"
"58","amy klobuchar",2019-06-02,8,"US-IA"
"59","amy klobuchar",2019-06-09,0,"US-IA"
"60","amy klobuchar",2019-06-16,12,"US-IA"
"61","amy klobuchar",2019-06-23,13,"US-IA"
"62","amy klobuchar",2019-06-30,24,"US-IA"
"63","amy klobuchar",2019-07-07,12,"US-IA"
"64","amy klobuchar",2019-07-14,21,"US-IA"
"65","amy klobuchar",2019-07-21,9,"US-IA"
"66","amy klobuchar",2019-07-28,19,"US-IA"
"67","amy klobuchar",2019-08-04,21,"US-IA"
"68","amy klobuchar",2019-08-11,9,"US-IA"
"69","amy klobuchar",2019-08-18,8,"US-IA"
"70","amy klobuchar",2019-08-25,11,"US-IA"
"71","amy klobuchar",2019-09-01,11,"US-IA"
"72","amy klobuchar",2019-09-08,26,"US-IA"
"73","amy klobuchar",2019-09-15,12,"US-IA"
"74","amy klobuchar",2019-09-22,10,"US-IA"
"75","amy klobuchar",2019-09-29,20,"US-IA"
"76","amy klobuchar",2019-10-06,17,"US-IA"
"77","amy klobuchar",2019-10-13,32,"US-IA"
"78","amy klobuchar",2019-10-20,30,"US-IA"
"79","amy klobuchar",2019-10-27,25,"US-IA"
"80","amy klobuchar",2019-11-03,25,"US-IA"
"81","andrew yang",2019-02-03,2,"US-PA"
"82","andrew yang",2019-02-10,23,"US-PA"
"83","andrew yang",2019-02-17,17,"US-PA"
"84","andrew yang",2019-02-24,13,"US-PA"
"85","andrew yang",2019-03-03,22,"US-PA"
"86","andrew yang",2019-03-10,44,"US-PA"
"87","andrew yang",2019-03-17,34,"US-PA"
"88","andrew yang",2019-03-24,18,"US-PA"
"89","andrew yang",2019-03-31,16,"US-PA"
"90","andrew yang",2019-04-07,31,"US-PA"
"91","andrew yang",2019-04-14,21,"US-PA"
"92","andrew yang",2019-04-21,23,"US-PA"
"93","andrew yang",2019-04-28,18,"US-PA"
"94","andrew yang",2019-05-05,14,"US-PA"
"95","andrew yang",2019-05-12,19,"US-PA"
"96","andrew yang",2019-05-19,10,"US-PA"
"97","andrew yang",2019-05-26,8,"US-PA"
"98","andrew yang",2019-06-02,13,"US-PA"
"99","andrew yang",2019-06-09,15,"US-PA"
"100","andrew yang",2019-06-16,17,"US-PA"
"101","andrew yang",2019-06-23,90,"US-PA"
"102","andrew yang",2019-06-30,26,"US-PA"
"103","andrew yang",2019-07-07,17,"US-PA"
"104","andrew yang",2019-07-14,14,"US-PA"
"105","andrew yang",2019-07-21,12,"US-PA"
"106","andrew yang",2019-07-28,99,"US-PA"
"107","andrew yang",2019-08-04,52,"US-PA"
"108","andrew yang",2019-08-11,49,"US-PA"
"109","andrew yang",2019-08-18,30,"US-PA"
"110","andrew yang",2019-08-25,36,"US-PA"
"111","andrew yang",2019-09-01,36,"US-PA"
"112","andrew yang",2019-09-08,100,"US-PA"
"113","andrew yang",2019-09-15,56,"US-PA"
"114","andrew yang",2019-09-22,39,"US-PA"
"115","andrew yang",2019-09-29,49,"US-PA"
"116","andrew yang",2019-10-06,25,"US-PA"
"117","andrew yang",2019-10-13,60,"US-PA"
"118","andrew yang",2019-10-20,26,"US-PA"
"119","andrew yang",2019-10-27,26,"US-PA"
"120","andrew yang",2019-11-03,28,"US-PA"
"121","andrew yang",2019-02-03,5,"US-IA"
"122","andrew yang",2019-02-10,21,"US-IA"
"123","andrew yang",2019-02-17,19,"US-IA"
"124","andrew yang",2019-02-24,17,"US-IA"
"125","andrew yang",2019-03-03,24,"US-IA"
"126","andrew yang",2019-03-10,50,"US-IA"
"127","andrew yang",2019-03-17,25,"US-IA"
"128","andrew yang",2019-03-24,12,"US-IA"
"129","andrew yang",2019-03-31,18,"US-IA"
"130","andrew yang",2019-04-07,23,"US-IA"
"131","andrew yang",2019-04-14,31,"US-IA"
"132","andrew yang",2019-04-21,28,"US-IA"
"133","andrew yang",2019-04-28,23,"US-IA"
"134","andrew yang",2019-05-05,11,"US-IA"
"135","andrew yang",2019-05-12,20,"US-IA"
"136","andrew yang",2019-05-19,8,"US-IA"
"137","andrew yang",2019-05-26,9,"US-IA"
"138","andrew yang",2019-06-02,9,"US-IA"
"139","andrew yang",2019-06-09,34,"US-IA"
"140","andrew yang",2019-06-16,19,"US-IA"
"141","andrew yang",2019-06-23,57,"US-IA"
"142","andrew yang",2019-06-30,37,"US-IA"
"143","andrew yang",2019-07-07,12,"US-IA"
"144","andrew yang",2019-07-14,15,"US-IA"
"145","andrew yang",2019-07-21,24,"US-IA"
"146","andrew yang",2019-07-28,66,"US-IA"
"147","andrew yang",2019-08-04,42,"US-IA"
"148","andrew yang",2019-08-11,54,"US-IA"
"149","andrew yang",2019-08-18,40,"US-IA"
"150","andrew yang",2019-08-25,31,"US-IA"
"151","andrew yang",2019-09-01,42,"US-IA"
"152","andrew yang",2019-09-08,74,"US-IA"
"153","andrew yang",2019-09-15,79,"US-IA"
"154","andrew yang",2019-09-22,55,"US-IA"
"155","andrew yang",2019-09-29,42,"US-IA"
"156","andrew yang",2019-10-06,27,"US-IA"
"157","andrew yang",2019-10-13,76,"US-IA"
"158","andrew yang",2019-10-20,22,"US-IA"
"159","andrew yang",2019-10-27,70,"US-IA"
"160","andrew yang",2019-11-03,47,"US-IA"
"161","bernie sanders",2019-02-03,14,"US-PA"
"162","bernie sanders",2019-02-10,7,"US-PA"
"163","bernie sanders",2019-02-17,100,"US-PA"
"164","bernie sanders",2019-02-24,39,"US-PA"
"165","bernie sanders",2019-03-03,28,"US-PA"
"166","bernie sanders",2019-03-10,21,"US-PA"
"167","bernie sanders",2019-03-17,14,"US-PA"
"168","bernie sanders",2019-03-24,13,"US-PA"
"169","bernie sanders",2019-03-31,19,"US-PA"
"170","bernie sanders",2019-04-07,26,"US-PA"
"171","bernie sanders",2019-04-14,49,"US-PA"
"172","bernie sanders",2019-04-21,34,"US-PA"
"173","bernie sanders",2019-04-28,18,"US-PA"
"174","bernie sanders",2019-05-05,13,"US-PA"
"175","bernie sanders",2019-05-12,11,"US-PA"
"176","bernie sanders",2019-05-19,12,"US-PA"
"177","bernie sanders",2019-05-26,10,"US-PA"
"178","bernie sanders",2019-06-02,9,"US-PA"
"179","bernie sanders",2019-06-09,12,"US-PA"
"180","bernie sanders",2019-06-16,10,"US-PA"
"181","bernie sanders",2019-06-23,40,"US-PA"
"182","bernie sanders",2019-06-30,15,"US-PA"
"183","bernie sanders",2019-07-07,10,"US-PA"
"184","bernie sanders",2019-07-14,15,"US-PA"
"185","bernie sanders",2019-07-21,15,"US-PA"
"186","bernie sanders",2019-07-28,31,"US-PA"
"187","bernie sanders",2019-08-04,18,"US-PA"
"188","bernie sanders",2019-08-11,17,"US-PA"
"189","bernie sanders",2019-08-18,17,"US-PA"
"190","bernie sanders",2019-08-25,15,"US-PA"
"191","bernie sanders",2019-09-01,15,"US-PA"
"192","bernie sanders",2019-09-08,23,"US-PA"
"193","bernie sanders",2019-09-15,17,"US-PA"
"194","bernie sanders",2019-09-22,14,"US-PA"
"195","bernie sanders",2019-09-29,69,"US-PA"
"196","bernie sanders",2019-10-06,31,"US-PA"
"197","bernie sanders",2019-10-13,22,"US-PA"
"198","bernie sanders",2019-10-20,21,"US-PA"
"199","bernie sanders",2019-10-27,17,"US-PA"
"200","bernie sanders",2019-11-03,17,"US-PA"
"201","bernie sanders",2019-02-03,11,"US-IA"
"202","bernie sanders",2019-02-10,6,"US-IA"
"203","bernie sanders",2019-02-17,80,"US-IA"
"204","bernie sanders",2019-02-24,30,"US-IA"
"205","bernie sanders",2019-03-03,59,"US-IA"
"206","bernie sanders",2019-03-10,28,"US-IA"
"207","bernie sanders",2019-03-17,16,"US-IA"
"208","bernie sanders",2019-03-24,13,"US-IA"
"209","bernie sanders",2019-03-31,26,"US-IA"
"210","bernie sanders",2019-04-07,30,"US-IA"
"211","bernie sanders",2019-04-14,31,"US-IA"
"212","bernie sanders",2019-04-21,30,"US-IA"
"213","bernie sanders",2019-04-28,24,"US-IA"
"214","bernie sanders",2019-05-05,24,"US-IA"
"215","bernie sanders",2019-05-12,10,"US-IA"
"216","bernie sanders",2019-05-19,18,"US-IA"
"217","bernie sanders",2019-05-26,6,"US-IA"
"218","bernie sanders",2019-06-02,15,"US-IA"
"219","bernie sanders",2019-06-09,18,"US-IA"
"220","bernie sanders",2019-06-16,11,"US-IA"
"221","bernie sanders",2019-06-23,31,"US-IA"
"222","bernie sanders",2019-06-30,36,"US-IA"
"223","bernie sanders",2019-07-07,12,"US-IA"
"224","bernie sanders",2019-07-14,19,"US-IA"
"225","bernie sanders",2019-07-21,16,"US-IA"
"226","bernie sanders",2019-07-28,33,"US-IA"
"227","bernie sanders",2019-08-04,23,"US-IA"
"228","bernie sanders",2019-08-11,22,"US-IA"
"229","bernie sanders",2019-08-18,21,"US-IA"
"230","bernie sanders",2019-08-25,16,"US-IA"
"231","bernie sanders",2019-09-01,28,"US-IA"
"232","bernie sanders",2019-09-08,36,"US-IA"
"233","bernie sanders",2019-09-15,19,"US-IA"
"234","bernie sanders",2019-09-22,29,"US-IA"
"235","bernie sanders",2019-09-29,75,"US-IA"
"236","bernie sanders",2019-10-06,45,"US-IA"
"237","bernie sanders",2019-10-13,31,"US-IA"
"238","bernie sanders",2019-10-20,38,"US-IA"
"239","bernie sanders",2019-10-27,33,"US-IA"
"240","bernie sanders",2019-11-03,33,"US-IA"
"241","cory booker",2019-02-03,72,"US-PA"
"242","cory booker",2019-02-10,39,"US-PA"
"243","cory booker",2019-02-17,27,"US-PA"
"244","cory booker",2019-02-24,17,"US-PA"
"245","cory booker",2019-03-03,10,"US-PA"
"246","cory booker",2019-03-10,34,"US-PA"
"247","cory booker",2019-03-17,28,"US-PA"
"248","cory booker",2019-03-24,26,"US-PA"
"249","cory booker",2019-03-31,13,"US-PA"
"250","cory booker",2019-04-07,17,"US-PA"
"251","cory booker",2019-04-14,15,"US-PA"
"252","cory booker",2019-04-21,11,"US-PA"
"253","cory booker",2019-04-28,12,"US-PA"
"254","cory booker",2019-05-05,12,"US-PA"
"255","cory booker",2019-05-12,14,"US-PA"
"256","cory booker",2019-05-19,7,"US-PA"
"257","cory booker",2019-05-26,4,"US-PA"
"258","cory booker",2019-06-02,6,"US-PA"
"259","cory booker",2019-06-09,8,"US-PA"
"260","cory booker",2019-06-16,15,"US-PA"
"261","cory booker",2019-06-23,82,"US-PA"
"262","cory booker",2019-06-30,17,"US-PA"
"263","cory booker",2019-07-07,8,"US-PA"
"264","cory booker",2019-07-14,5,"US-PA"
"265","cory booker",2019-07-21,17,"US-PA"
"266","cory booker",2019-07-28,75,"US-PA"
"267","cory booker",2019-08-04,19,"US-PA"
"268","cory booker",2019-08-11,9,"US-PA"
"269","cory booker",2019-08-18,7,"US-PA"
"270","cory booker",2019-08-25,4,"US-PA"
"271","cory booker",2019-09-01,9,"US-PA"
"272","cory booker",2019-09-08,36,"US-PA"
"273","cory booker",2019-09-15,15,"US-PA"
"274","cory booker",2019-09-22,12,"US-PA"
"275","cory booker",2019-09-29,11,"US-PA"
"276","cory booker",2019-10-06,8,"US-PA"
"277","cory booker",2019-10-13,25,"US-PA"
"278","cory booker",2019-10-20,13,"US-PA"
"279","cory booker",2019-10-27,11,"US-PA"
"280","cory booker",2019-11-03,8,"US-PA"
"281","cory booker",2019-02-03,100,"US-IA"
"282","cory booker",2019-02-10,44,"US-IA"
"283","cory booker",2019-02-17,30,"US-IA"
"284","cory booker",2019-02-24,12,"US-IA"
"285","cory booker",2019-03-03,22,"US-IA"
"286","cory booker",2019-03-10,31,"US-IA"
"287","cory booker",2019-03-17,42,"US-IA"
"288","cory booker",2019-03-24,18,"US-IA"
"289","cory booker",2019-03-31,14,"US-IA"
"290","cory booker",2019-04-07,9,"US-IA"
"291","cory booker",2019-04-14,28,"US-IA"
"292","cory booker",2019-04-21,13,"US-IA"
"293","cory booker",2019-04-28,19,"US-IA"
"294","cory booker",2019-05-05,12,"US-IA"
"295","cory booker",2019-05-12,19,"US-IA"
"296","cory booker",2019-05-19,30,"US-IA"
"297","cory booker",2019-05-26,24,"US-IA"
"298","cory booker",2019-06-02,28,"US-IA"
"299","cory booker",2019-06-09,23,"US-IA"
"300","cory booker",2019-06-16,23,"US-IA"
"301","cory booker",2019-06-23,45,"US-IA"
"302","cory booker",2019-06-30,28,"US-IA"
"303","cory booker",2019-07-07,11,"US-IA"
"304","cory booker",2019-07-14,25,"US-IA"
"305","cory booker",2019-07-21,25,"US-IA"
"306","cory booker",2019-07-28,46,"US-IA"
"307","cory booker",2019-08-04,25,"US-IA"
"308","cory booker",2019-08-11,31,"US-IA"
"309","cory booker",2019-08-18,20,"US-IA"
"310","cory booker",2019-08-25,16,"US-IA"
"311","cory booker",2019-09-01,12,"US-IA"
"312","cory booker",2019-09-08,24,"US-IA"
"313","cory booker",2019-09-15,25,"US-IA"
"314","cory booker",2019-09-22,20,"US-IA"
"315","cory booker",2019-09-29,25,"US-IA"
"316","cory booker",2019-10-06,38,"US-IA"
"317","cory booker",2019-10-13,27,"US-IA"
"318","cory booker",2019-10-20,13,"US-IA"
"319","cory booker",2019-10-27,31,"US-IA"
"320","cory booker",2019-11-03,29,"US-IA"
"321","elizabeth warren",2019-02-03,49,"US-PA"
"322","elizabeth warren",2019-02-10,40,"US-PA"
"323","elizabeth warren",2019-02-17,22,"US-PA"
"324","elizabeth warren",2019-02-24,9,"US-PA"
"325","elizabeth warren",2019-03-03,14,"US-PA"
"326","elizabeth warren",2019-03-10,16,"US-PA"
"327","elizabeth warren",2019-03-17,22,"US-PA"
"328","elizabeth warren",2019-03-24,12,"US-PA"
"329","elizabeth warren",2019-03-31,12,"US-PA"
"330","elizabeth warren",2019-04-07,10,"US-PA"
"331","elizabeth warren",2019-04-14,14,"US-PA"
"332","elizabeth warren",2019-04-21,48,"US-PA"
"333","elizabeth warren",2019-04-28,16,"US-PA"
"334","elizabeth warren",2019-05-05,13,"US-PA"
"335","elizabeth warren",2019-05-12,24,"US-PA"
"336","elizabeth warren",2019-05-19,13,"US-PA"
"337","elizabeth warren",2019-05-26,16,"US-PA"
"338","elizabeth warren",2019-06-02,23,"US-PA"
"339","elizabeth warren",2019-06-09,28,"US-PA"
"340","elizabeth warren",2019-06-16,27,"US-PA"
"341","elizabeth warren",2019-06-23,65,"US-PA"
"342","elizabeth warren",2019-06-30,26,"US-PA"
"343","elizabeth warren",2019-07-07,21,"US-PA"
"344","elizabeth warren",2019-07-14,21,"US-PA"
"345","elizabeth warren",2019-07-21,17,"US-PA"
"346","elizabeth warren",2019-07-28,49,"US-PA"
"347","elizabeth warren",2019-08-04,31,"US-PA"
"348","elizabeth warren",2019-08-11,28,"US-PA"
"349","elizabeth warren",2019-08-18,34,"US-PA"
"350","elizabeth warren",2019-08-25,33,"US-PA"
"351","elizabeth warren",2019-09-01,27,"US-PA"
"352","elizabeth warren",2019-09-08,58,"US-PA"
"353","elizabeth warren",2019-09-15,59,"US-PA"
"354","elizabeth warren",2019-09-22,46,"US-PA"
"355","elizabeth warren",2019-09-29,69,"US-PA"
"356","elizabeth warren",2019-10-06,60,"US-PA"
"357","elizabeth warren",2019-10-13,79,"US-PA"
"358","elizabeth warren",2019-10-20,33,"US-PA"
"359","elizabeth warren",2019-10-27,31,"US-PA"
"360","elizabeth warren",2019-11-03,52,"US-PA"
"361","elizabeth warren",2019-02-03,54,"US-IA"
"362","elizabeth warren",2019-02-10,58,"US-IA"
"363","elizabeth warren",2019-02-17,15,"US-IA"
"364","elizabeth warren",2019-02-24,25,"US-IA"
"365","elizabeth warren",2019-03-03,8,"US-IA"
"366","elizabeth warren",2019-03-10,11,"US-IA"
"367","elizabeth warren",2019-03-17,21,"US-IA"
"368","elizabeth warren",2019-03-24,23,"US-IA"
"369","elizabeth warren",2019-03-31,20,"US-IA"
"370","elizabeth warren",2019-04-07,12,"US-IA"
"371","elizabeth warren",2019-04-14,16,"US-IA"
"372","elizabeth warren",2019-04-21,38,"US-IA"
"373","elizabeth warren",2019-04-28,36,"US-IA"
"374","elizabeth warren",2019-05-05,19,"US-IA"
"375","elizabeth warren",2019-05-12,39,"US-IA"
"376","elizabeth warren",2019-05-19,12,"US-IA"
"377","elizabeth warren",2019-05-26,22,"US-IA"
"378","elizabeth warren",2019-06-02,34,"US-IA"
"379","elizabeth warren",2019-06-09,46,"US-IA"
"380","elizabeth warren",2019-06-16,38,"US-IA"
"381","elizabeth warren",2019-06-23,89,"US-IA"
"382","elizabeth warren",2019-06-30,39,"US-IA"
"383","elizabeth warren",2019-07-07,15,"US-IA"
"384","elizabeth warren",2019-07-14,39,"US-IA"
"385","elizabeth warren",2019-07-21,21,"US-IA"
"386","elizabeth warren",2019-07-28,58,"US-IA"
"387","elizabeth warren",2019-08-04,59,"US-IA"
"388","elizabeth warren",2019-08-11,40,"US-IA"
"389","elizabeth warren",2019-08-18,57,"US-IA"
"390","elizabeth warren",2019-08-25,33,"US-IA"
"391","elizabeth warren",2019-09-01,24,"US-IA"
"392","elizabeth warren",2019-09-08,61,"US-IA"
"393","elizabeth warren",2019-09-15,84,"US-IA"
"394","elizabeth warren",2019-09-22,67,"US-IA"
"395","elizabeth warren",2019-09-29,75,"US-IA"
"396","elizabeth warren",2019-10-06,85,"US-IA"
"397","elizabeth warren",2019-10-13,100,"US-IA"
"398","elizabeth warren",2019-10-20,89,"US-IA"
"399","elizabeth warren",2019-10-27,69,"US-IA"
"400","elizabeth warren",2019-11-03,86,"US-IA"
"401","joe biden",2019-02-03,7,"US-PA"
"402","joe biden",2019-02-10,8,"US-PA"
"403","joe biden",2019-02-17,21,"US-PA"
"404","joe biden",2019-02-24,11,"US-PA"
"405","joe biden",2019-03-03,12,"US-PA"
"406","joe biden",2019-03-10,21,"US-PA"
"407","joe biden",2019-03-17,23,"US-PA"
"408","joe biden",2019-03-24,15,"US-PA"
"409","joe biden",2019-03-31,79,"US-PA"
"410","joe biden",2019-04-07,20,"US-PA"
"411","joe biden",2019-04-14,15,"US-PA"
"412","joe biden",2019-04-21,100,"US-PA"
"413","joe biden",2019-04-28,51,"US-PA"
"414","joe biden",2019-05-05,26,"US-PA"
"415","joe biden",2019-05-12,28,"US-PA"
"416","joe biden",2019-05-19,20,"US-PA"
"417","joe biden",2019-05-26,14,"US-PA"
"418","joe biden",2019-06-02,14,"US-PA"
"419","joe biden",2019-06-09,17,"US-PA"
"420","joe biden",2019-06-16,17,"US-PA"
"421","joe biden",2019-06-23,37,"US-PA"
"422","joe biden",2019-06-30,18,"US-PA"
"423","joe biden",2019-07-07,13,"US-PA"
"424","joe biden",2019-07-14,10,"US-PA"
"425","joe biden",2019-07-21,9,"US-PA"
"426","joe biden",2019-07-28,35,"US-PA"
"427","joe biden",2019-08-04,25,"US-PA"
"428","joe biden",2019-08-11,14,"US-PA"
"429","joe biden",2019-08-18,15,"US-PA"
"430","joe biden",2019-08-25,13,"US-PA"
"431","joe biden",2019-09-01,18,"US-PA"
"432","joe biden",2019-09-08,27,"US-PA"
"433","joe biden",2019-09-15,20,"US-PA"
"434","joe biden",2019-09-22,35,"US-PA"
"435","joe biden",2019-09-29,25,"US-PA"
"436","joe biden",2019-10-06,17,"US-PA"
"437","joe biden",2019-10-13,21,"US-PA"
"438","joe biden",2019-10-20,15,"US-PA"
"439","joe biden",2019-10-27,15,"US-PA"
"440","joe biden",2019-11-03,14,"US-PA"
"441","joe biden",2019-02-03,6,"US-IA"
"442","joe biden",2019-02-10,6,"US-IA"
"443","joe biden",2019-02-17,16,"US-IA"
"444","joe biden",2019-02-24,6,"US-IA"
"445","joe biden",2019-03-03,10,"US-IA"
"446","joe biden",2019-03-10,22,"US-IA"
"447","joe biden",2019-03-17,23,"US-IA"
"448","joe biden",2019-03-24,16,"US-IA"
"449","joe biden",2019-03-31,56,"US-IA"
"450","joe biden",2019-04-07,17,"US-IA"
"451","joe biden",2019-04-14,13,"US-IA"
"452","joe biden",2019-04-21,67,"US-IA"
"453","joe biden",2019-04-28,53,"US-IA"
"454","joe biden",2019-05-05,18,"US-IA"
"455","joe biden",2019-05-12,16,"US-IA"
"456","joe biden",2019-05-19,9,"US-IA"
"457","joe biden",2019-05-26,13,"US-IA"
"458","joe biden",2019-06-02,7,"US-IA"
"459","joe biden",2019-06-09,38,"US-IA"
"460","joe biden",2019-06-16,14,"US-IA"
"461","joe biden",2019-06-23,32,"US-IA"
"462","joe biden",2019-06-30,32,"US-IA"
"463","joe biden",2019-07-07,8,"US-IA"
"464","joe biden",2019-07-14,15,"US-IA"
"465","joe biden",2019-07-21,12,"US-IA"
"466","joe biden",2019-07-28,30,"US-IA"
"467","joe biden",2019-08-04,38,"US-IA"
"468","joe biden",2019-08-11,22,"US-IA"
"469","joe biden",2019-08-18,17,"US-IA"
"470","joe biden",2019-08-25,15,"US-IA"
"471","joe biden",2019-09-01,27,"US-IA"
"472","joe biden",2019-09-08,36,"US-IA"
"473","joe biden",2019-09-15,21,"US-IA"
"474","joe biden",2019-09-22,31,"US-IA"
"475","joe biden",2019-09-29,27,"US-IA"
"476","joe biden",2019-10-06,24,"US-IA"
"477","joe biden",2019-10-13,24,"US-IA"
"478","joe biden",2019-10-20,12,"US-IA"
"479","joe biden",2019-10-27,19,"US-IA"
"480","joe biden",2019-11-03,17,"US-IA"
"481","julian castro",2019-02-03,3,"US-PA"
"482","julian castro",2019-02-10,8,"US-PA"
"483","julian castro",2019-02-17,5,"US-PA"
"484","julian castro",2019-02-24,8,"US-PA"
"485","julian castro",2019-03-03,2,"US-PA"
"486","julian castro",2019-03-10,7,"US-PA"
"487","julian castro",2019-03-17,4,"US-PA"
"488","julian castro",2019-03-24,4,"US-PA"
"489","julian castro",2019-03-31,15,"US-PA"
"490","julian castro",2019-04-07,7,"US-PA"
"491","julian castro",2019-04-14,6,"US-PA"
"492","julian castro",2019-04-21,4,"US-PA"
"493","julian castro",2019-04-28,6,"US-PA"
"494","julian castro",2019-05-05,2,"US-PA"
"495","julian castro",2019-05-12,0,"US-PA"
"496","julian castro",2019-05-19,3,"US-PA"
"497","julian castro",2019-05-26,0,"US-PA"
"498","julian castro",2019-06-02,4,"US-PA"
"499","julian castro",2019-06-09,5,"US-PA"
"500","julian castro",2019-06-16,3,"US-PA"
"501","julian castro",2019-06-23,100,"US-PA"
"502","julian castro",2019-06-30,28,"US-PA"
"503","julian castro",2019-07-07,7,"US-PA"
"504","julian castro",2019-07-14,7,"US-PA"
"505","julian castro",2019-07-21,7,"US-PA"
"506","julian castro",2019-07-28,37,"US-PA"
"507","julian castro",2019-08-04,26,"US-PA"
"508","julian castro",2019-08-11,10,"US-PA"
"509","julian castro",2019-08-18,5,"US-PA"
"510","julian castro",2019-08-25,3,"US-PA"
"511","julian castro",2019-09-01,5,"US-PA"
"512","julian castro",2019-09-08,37,"US-PA"
"513","julian castro",2019-09-15,10,"US-PA"
"514","julian castro",2019-09-22,7,"US-PA"
"515","julian castro",2019-09-29,4,"US-PA"
"516","julian castro",2019-10-06,2,"US-PA"
"517","julian castro",2019-10-13,18,"US-PA"
"518","julian castro",2019-10-20,8,"US-PA"
"519","julian castro",2019-10-27,5,"US-PA"
"520","julian castro",2019-11-03,6,"US-PA"
"521","julian castro",2019-02-03,15,"US-IA"
"522","julian castro",2019-02-10,17,"US-IA"
"523","julian castro",2019-02-17,10,"US-IA"
"524","julian castro",2019-02-24,10,"US-IA"
"525","julian castro",2019-03-03,10,"US-IA"
"526","julian castro",2019-03-10,10,"US-IA"
"527","julian castro",2019-03-17,0,"US-IA"
"528","julian castro",2019-03-24,21,"US-IA"
"529","julian castro",2019-03-31,31,"US-IA"
"530","julian castro",2019-04-07,17,"US-IA"
"531","julian castro",2019-04-14,14,"US-IA"
"532","julian castro",2019-04-21,11,"US-IA"
"533","julian castro",2019-04-28,10,"US-IA"
"534","julian castro",2019-05-05,0,"US-IA"
"535","julian castro",2019-05-12,11,"US-IA"
"536","julian castro",2019-05-19,11,"US-IA"
"537","julian castro",2019-05-26,0,"US-IA"
"538","julian castro",2019-06-02,12,"US-IA"
"539","julian castro",2019-06-09,23,"US-IA"
"540","julian castro",2019-06-16,0,"US-IA"
"541","julian castro",2019-06-23,100,"US-IA"
"542","julian castro",2019-06-30,18,"US-IA"
"543","julian castro",2019-07-07,29,"US-IA"
"544","julian castro",2019-07-14,11,"US-IA"
"545","julian castro",2019-07-21,12,"US-IA"
"546","julian castro",2019-07-28,35,"US-IA"
"547","julian castro",2019-08-04,35,"US-IA"
"548","julian castro",2019-08-11,42,"US-IA"
"549","julian castro",2019-08-18,44,"US-IA"
"550","julian castro",2019-08-25,15,"US-IA"
"551","julian castro",2019-09-01,13,"US-IA"
"552","julian castro",2019-09-08,50,"US-IA"
"553","julian castro",2019-09-15,25,"US-IA"
"554","julian castro",2019-09-22,21,"US-IA"
"555","julian castro",2019-09-29,18,"US-IA"
"556","julian castro",2019-10-06,19,"US-IA"
"557","julian castro",2019-10-13,19,"US-IA"
"558","julian castro",2019-10-20,28,"US-IA"
"559","julian castro",2019-10-27,28,"US-IA"
"560","julian castro",2019-11-03,23,"US-IA"
"561","kamala harris",2019-02-03,22,"US-PA"
"562","kamala harris",2019-02-10,31,"US-PA"
"563","kamala harris",2019-02-17,34,"US-PA"
"564","kamala harris",2019-02-24,15,"US-PA"
"565","kamala harris",2019-03-03,9,"US-PA"
"566","kamala harris",2019-03-10,9,"US-PA"
"567","kamala harris",2019-03-17,8,"US-PA"
"568","kamala harris",2019-03-24,11,"US-PA"
"569","kamala harris",2019-03-31,8,"US-PA"
"570","kamala harris",2019-04-07,7,"US-PA"
"571","kamala harris",2019-04-14,4,"US-PA"
"572","kamala harris",2019-04-21,12,"US-PA"
"573","kamala harris",2019-04-28,18,"US-PA"
"574","kamala harris",2019-05-05,7,"US-PA"
"575","kamala harris",2019-05-12,9,"US-PA"
"576","kamala harris",2019-05-19,7,"US-PA"
"577","kamala harris",2019-05-26,8,"US-PA"
"578","kamala harris",2019-06-02,12,"US-PA"
"579","kamala harris",2019-06-09,7,"US-PA"
"580","kamala harris",2019-06-16,5,"US-PA"
"581","kamala harris",2019-06-23,91,"US-PA"
"582","kamala harris",2019-06-30,64,"US-PA"
"583","kamala harris",2019-07-07,24,"US-PA"
"584","kamala harris",2019-07-14,13,"US-PA"
"585","kamala harris",2019-07-21,11,"US-PA"
"586","kamala harris",2019-07-28,45,"US-PA"
"587","kamala harris",2019-08-04,11,"US-PA"
"588","kamala harris",2019-08-11,8,"US-PA"
"589","kamala harris",2019-08-18,9,"US-PA"
"590","kamala harris",2019-08-25,5,"US-PA"
"591","kamala harris",2019-09-01,7,"US-PA"
"592","kamala harris",2019-09-08,18,"US-PA"
"593","kamala harris",2019-09-15,9,"US-PA"
"594","kamala harris",2019-09-22,5,"US-PA"
"595","kamala harris",2019-09-29,10,"US-PA"
"596","kamala harris",2019-10-06,8,"US-PA"
"597","kamala harris",2019-10-13,10,"US-PA"
"598","kamala harris",2019-10-20,6,"US-PA"
"599","kamala harris",2019-10-27,7,"US-PA"
"600","kamala harris",2019-11-03,9,"US-PA"
"601","kamala harris",2019-02-03,20,"US-IA"
"602","kamala harris",2019-02-10,25,"US-IA"
"603","kamala harris",2019-02-17,30,"US-IA"
"604","kamala harris",2019-02-24,24,"US-IA"
"605","kamala harris",2019-03-03,7,"US-IA"
"606","kamala harris",2019-03-10,9,"US-IA"
"607","kamala harris",2019-03-17,8,"US-IA"
"608","kamala harris",2019-03-24,13,"US-IA"
"609","kamala harris",2019-03-31,8,"US-IA"
"610","kamala harris",2019-04-07,14,"US-IA"
"611","kamala harris",2019-04-14,13,"US-IA"
"612","kamala harris",2019-04-21,17,"US-IA"
"613","kamala harris",2019-04-28,15,"US-IA"
"614","kamala harris",2019-05-05,5,"US-IA"
"615","kamala harris",2019-05-12,8,"US-IA"
"616","kamala harris",2019-05-19,4,"US-IA"
"617","kamala harris",2019-05-26,9,"US-IA"
"618","kamala harris",2019-06-02,15,"US-IA"
"619","kamala harris",2019-06-09,7,"US-IA"
"620","kamala harris",2019-06-16,6,"US-IA"
"621","kamala harris",2019-06-23,72,"US-IA"
"622","kamala harris",2019-06-30,100,"US-IA"
"623","kamala harris",2019-07-07,20,"US-IA"
"624","kamala harris",2019-07-14,15,"US-IA"
"625","kamala harris",2019-07-21,20,"US-IA"
"626","kamala harris",2019-07-28,40,"US-IA"
"627","kamala harris",2019-08-04,35,"US-IA"
"628","kamala harris",2019-08-11,29,"US-IA"
"629","kamala harris",2019-08-18,12,"US-IA"
"630","kamala harris",2019-08-25,7,"US-IA"
"631","kamala harris",2019-09-01,8,"US-IA"
"632","kamala harris",2019-09-08,19,"US-IA"
"633","kamala harris",2019-09-15,25,"US-IA"
"634","kamala harris",2019-09-22,8,"US-IA"
"635","kamala harris",2019-09-29,11,"US-IA"
"636","kamala harris",2019-10-06,24,"US-IA"
"637","kamala harris",2019-10-13,19,"US-IA"
"638","kamala harris",2019-10-20,15,"US-IA"
"639","kamala harris",2019-10-27,20,"US-IA"
"640","kamala harris",2019-11-03,18,"US-IA"
"641","pete buttigieg",2019-02-03,1,"US-PA"
"642","pete buttigieg",2019-02-10,4,"US-PA"
"643","pete buttigieg",2019-02-17,4,"US-PA"
"644","pete buttigieg",2019-02-24,1,"US-PA"
"645","pete buttigieg",2019-03-03,2,"US-PA"
"646","pete buttigieg",2019-03-10,12,"US-PA"
"647","pete buttigieg",2019-03-17,21,"US-PA"
"648","pete buttigieg",2019-03-24,25,"US-PA"
"649","pete buttigieg",2019-03-31,36,"US-PA"
"650","pete buttigieg",2019-04-07,34,"US-PA"
"651","pete buttigieg",2019-04-14,62,"US-PA"
"652","pete buttigieg",2019-04-21,32,"US-PA"
"653","pete buttigieg",2019-04-28,21,"US-PA"
"654","pete buttigieg",2019-05-05,11,"US-PA"
"655","pete buttigieg",2019-05-12,12,"US-PA"
"656","pete buttigieg",2019-05-19,27,"US-PA"
"657","pete buttigieg",2019-05-26,8,"US-PA"
"658","pete buttigieg",2019-06-02,10,"US-PA"
"659","pete buttigieg",2019-06-09,11,"US-PA"
"660","pete buttigieg",2019-06-16,11,"US-PA"
"661","pete buttigieg",2019-06-23,45,"US-PA"
"662","pete buttigieg",2019-06-30,15,"US-PA"
"663","pete buttigieg",2019-07-07,8,"US-PA"
"664","pete buttigieg",2019-07-14,10,"US-PA"
"665","pete buttigieg",2019-07-21,7,"US-PA"
"666","pete buttigieg",2019-07-28,20,"US-PA"
"667","pete buttigieg",2019-08-04,9,"US-PA"
"668","pete buttigieg",2019-08-11,7,"US-PA"
"669","pete buttigieg",2019-08-18,3,"US-PA"
"670","pete buttigieg",2019-08-25,5,"US-PA"
"671","pete buttigieg",2019-09-01,5,"US-PA"
"672","pete buttigieg",2019-09-08,14,"US-PA"
"673","pete buttigieg",2019-09-15,10,"US-PA"
"674","pete buttigieg",2019-09-22,5,"US-PA"
"675","pete buttigieg",2019-09-29,5,"US-PA"
"676","pete buttigieg",2019-10-06,5,"US-PA"
"677","pete buttigieg",2019-10-13,19,"US-PA"
"678","pete buttigieg",2019-10-20,15,"US-PA"
"679","pete buttigieg",2019-10-27,11,"US-PA"
"680","pete buttigieg",2019-11-03,13,"US-PA"
"681","pete buttigieg",2019-02-03,9,"US-IA"
"682","pete buttigieg",2019-02-10,7,"US-IA"
"683","pete buttigieg",2019-02-17,5,"US-IA"
"684","pete buttigieg",2019-02-24,6,"US-IA"
"685","pete buttigieg",2019-03-03,7,"US-IA"
"686","pete buttigieg",2019-03-10,19,"US-IA"
"687","pete buttigieg",2019-03-17,27,"US-IA"
"688","pete buttigieg",2019-03-24,33,"US-IA"
"689","pete buttigieg",2019-03-31,37,"US-IA"
"690","pete buttigieg",2019-04-07,35,"US-IA"
"691","pete buttigieg",2019-04-14,100,"US-IA"
"692","pete buttigieg",2019-04-21,35,"US-IA"
"693","pete buttigieg",2019-04-28,25,"US-IA"
"694","pete buttigieg",2019-05-05,18,"US-IA"
"695","pete buttigieg",2019-05-12,23,"US-IA"
"696","pete buttigieg",2019-05-19,32,"US-IA"
"697","pete buttigieg",2019-05-26,22,"US-IA"
"698","pete buttigieg",2019-06-02,15,"US-IA"
"699","pete buttigieg",2019-06-09,21,"US-IA"
"700","pete buttigieg",2019-06-16,24,"US-IA"
"701","pete buttigieg",2019-06-23,36,"US-IA"
"702","pete buttigieg",2019-06-30,18,"US-IA"
"703","pete buttigieg",2019-07-07,14,"US-IA"
"704","pete buttigieg",2019-07-14,11,"US-IA"
"705","pete buttigieg",2019-07-21,19,"US-IA"
"706","pete buttigieg",2019-07-28,27,"US-IA"
"707","pete buttigieg",2019-08-04,15,"US-IA"
"708","pete buttigieg",2019-08-11,31,"US-IA"
"709","pete buttigieg",2019-08-18,12,"US-IA"
"710","pete buttigieg",2019-08-25,10,"US-IA"
"711","pete buttigieg",2019-09-01,17,"US-IA"
"712","pete buttigieg",2019-09-08,33,"US-IA"
"713","pete buttigieg",2019-09-15,29,"US-IA"
"714","pete buttigieg",2019-09-22,36,"US-IA"
"715","pete buttigieg",2019-09-29,17,"US-IA"
"716","pete buttigieg",2019-10-06,17,"US-IA"
"717","pete buttigieg",2019-10-13,35,"US-IA"
"718","pete buttigieg",2019-10-20,45,"US-IA"
"719","pete buttigieg",2019-10-27,56,"US-IA"
"720","pete buttigieg",2019-11-03,69,"US-IA"
"721","tulsi gabbard",2019-02-03,12,"US-PA"
"722","tulsi gabbard",2019-02-10,7,"US-PA"
"723","tulsi gabbard",2019-02-17,12,"US-PA"
"724","tulsi gabbard",2019-02-24,5,"US-PA"
"725","tulsi gabbard",2019-03-03,5,"US-PA"
"726","tulsi gabbard",2019-03-10,8,"US-PA"
"727","tulsi gabbard",2019-03-17,5,"US-PA"
"728","tulsi gabbard",2019-03-24,4,"US-PA"
"729","tulsi gabbard",2019-03-31,3,"US-PA"
"730","tulsi gabbard",2019-04-07,3,"US-PA"
"731","tulsi gabbard",2019-04-14,4,"US-PA"
"732","tulsi gabbard",2019-04-21,4,"US-PA"
"733","tulsi gabbard",2019-04-28,4,"US-PA"
"734","tulsi gabbard",2019-05-05,4,"US-PA"
"735","tulsi gabbard",2019-05-12,17,"US-PA"
"736","tulsi gabbard",2019-05-19,8,"US-PA"
"737","tulsi gabbard",2019-05-26,3,"US-PA"
"738","tulsi gabbard",2019-06-02,2,"US-PA"
"739","tulsi gabbard",2019-06-09,5,"US-PA"
"740","tulsi gabbard",2019-06-16,4,"US-PA"
"741","tulsi gabbard",2019-06-23,49,"US-PA"
"742","tulsi gabbard",2019-06-30,8,"US-PA"
"743","tulsi gabbard",2019-07-07,3,"US-PA"
"744","tulsi gabbard",2019-07-14,6,"US-PA"
"745","tulsi gabbard",2019-07-21,8,"US-PA"
"746","tulsi gabbard",2019-07-28,100,"US-PA"
"747","tulsi gabbard",2019-08-04,26,"US-PA"
"748","tulsi gabbard",2019-08-11,17,"US-PA"
"749","tulsi gabbard",2019-08-18,9,"US-PA"
"750","tulsi gabbard",2019-08-25,11,"US-PA"
"751","tulsi gabbard",2019-09-01,7,"US-PA"
"752","tulsi gabbard",2019-09-08,13,"US-PA"
"753","tulsi gabbard",2019-09-15,8,"US-PA"
"754","tulsi gabbard",2019-09-22,9,"US-PA"
"755","tulsi gabbard",2019-09-29,5,"US-PA"
"756","tulsi gabbard",2019-10-06,5,"US-PA"
"757","tulsi gabbard",2019-10-13,91,"US-PA"
"758","tulsi gabbard",2019-10-20,54,"US-PA"
"759","tulsi gabbard",2019-10-27,20,"US-PA"
"760","tulsi gabbard",2019-11-03,21,"US-PA"
"761","tulsi gabbard",2019-02-03,14,"US-IA"
"762","tulsi gabbard",2019-02-10,21,"US-IA"
"763","tulsi gabbard",2019-02-17,13,"US-IA"
"764","tulsi gabbard",2019-02-24,6,"US-IA"
"765","tulsi gabbard",2019-03-03,4,"US-IA"
"766","tulsi gabbard",2019-03-10,6,"US-IA"
"767","tulsi gabbard",2019-03-17,3,"US-IA"
"768","tulsi gabbard",2019-03-24,7,"US-IA"
"769","tulsi gabbard",2019-03-31,2,"US-IA"
"770","tulsi gabbard",2019-04-07,2,"US-IA"
"771","tulsi gabbard",2019-04-14,9,"US-IA"
"772","tulsi gabbard",2019-04-21,12,"US-IA"
"773","tulsi gabbard",2019-04-28,8,"US-IA"
"774","tulsi gabbard",2019-05-05,7,"US-IA"
"775","tulsi gabbard",2019-05-12,19,"US-IA"
"776","tulsi gabbard",2019-05-19,12,"US-IA"
"777","tulsi gabbard",2019-05-26,11,"US-IA"
"778","tulsi gabbard",2019-06-02,3,"US-IA"
"779","tulsi gabbard",2019-06-09,5,"US-IA"
"780","tulsi gabbard",2019-06-16,7,"US-IA"
"781","tulsi gabbard",2019-06-23,61,"US-IA"
"782","tulsi gabbard",2019-06-30,15,"US-IA"
"783","tulsi gabbard",2019-07-07,9,"US-IA"
"784","tulsi gabbard",2019-07-14,12,"US-IA"
"785","tulsi gabbard",2019-07-21,19,"US-IA"
"786","tulsi gabbard",2019-07-28,89,"US-IA"
"787","tulsi gabbard",2019-08-04,42,"US-IA"
"788","tulsi gabbard",2019-08-11,14,"US-IA"
"789","tulsi gabbard",2019-08-18,6,"US-IA"
"790","tulsi gabbard",2019-08-25,14,"US-IA"
"791","tulsi gabbard",2019-09-01,19,"US-IA"
"792","tulsi gabbard",2019-09-08,15,"US-IA"
"793","tulsi gabbard",2019-09-15,20,"US-IA"
"794","tulsi gabbard",2019-09-22,15,"US-IA"
"795","tulsi gabbard",2019-09-29,17,"US-IA"
"796","tulsi gabbard",2019-10-06,14,"US-IA"
"797","tulsi gabbard",2019-10-13,77,"US-IA"
"798","tulsi gabbard",2019-10-20,64,"US-IA"
"799","tulsi gabbard",2019-10-27,17,"US-IA"
"800","tulsi gabbard",2019-11-03,14,"US-IA"
"801","amy klobuchar",2019-02-03,24,"US"
"802","amy klobuchar",2019-02-10,100,"US"
"803","amy klobuchar",2019-02-17,45,"US"
"804","amy klobuchar",2019-02-24,12,"US"
"805","amy klobuchar",2019-03-03,8,"US"
"806","amy klobuchar",2019-03-10,6,"US"
"807","amy klobuchar",2019-03-17,9,"US"
"808","amy klobuchar",2019-03-24,5,"US"
"809","amy klobuchar",2019-03-31,5,"US"
"810","amy klobuchar",2019-04-07,3,"US"
"811","amy klobuchar",2019-04-14,4,"US"
"812","amy klobuchar",2019-04-21,9,"US"
"813","amy klobuchar",2019-04-28,6,"US"
"814","amy klobuchar",2019-05-05,9,"US"
"815","amy klobuchar",2019-05-12,3,"US"
"816","amy klobuchar",2019-05-19,3,"US"
"817","amy klobuchar",2019-05-26,5,"US"
"818","amy klobuchar",2019-06-02,3,"US"
"819","amy klobuchar",2019-06-09,4,"US"
"820","amy klobuchar",2019-06-16,4,"US"
"821","amy klobuchar",2019-06-23,22,"US"
"822","amy klobuchar",2019-06-30,6,"US"
"823","amy klobuchar",2019-07-07,4,"US"
"824","amy klobuchar",2019-07-14,5,"US"
"825","amy klobuchar",2019-07-21,3,"US"
"826","amy klobuchar",2019-07-28,16,"US"
"827","amy klobuchar",2019-08-04,5,"US"
"828","amy klobuchar",2019-08-11,3,"US"
"829","amy klobuchar",2019-08-18,4,"US"
"830","amy klobuchar",2019-08-25,5,"US"
"831","amy klobuchar",2019-09-01,4,"US"
"832","amy klobuchar",2019-09-08,15,"US"
"833","amy klobuchar",2019-09-15,7,"US"
"834","amy klobuchar",2019-09-22,5,"US"
"835","amy klobuchar",2019-09-29,5,"US"
"836","amy klobuchar",2019-10-06,7,"US"
"837","amy klobuchar",2019-10-13,25,"US"
"838","amy klobuchar",2019-10-20,10,"US"
"839","amy klobuchar",2019-10-27,7,"US"
"840","amy klobuchar",2019-11-03,8,"US"
"841","andrew yang",2019-02-03,3,"US"
"842","andrew yang",2019-02-10,25,"US"
"843","andrew yang",2019-02-17,19,"US"
"844","andrew yang",2019-02-24,17,"US"
"845","andrew yang",2019-03-03,25,"US"
"846","andrew yang",2019-03-10,42,"US"
"847","andrew yang",2019-03-17,37,"US"
"848","andrew yang",2019-03-24,19,"US"
"849","andrew yang",2019-03-31,21,"US"
"850","andrew yang",2019-04-07,28,"US"
"851","andrew yang",2019-04-14,33,"US"
"852","andrew yang",2019-04-21,22,"US"
"853","andrew yang",2019-04-28,15,"US"
"854","andrew yang",2019-05-05,16,"US"
"855","andrew yang",2019-05-12,16,"US"
"856","andrew yang",2019-05-19,13,"US"
"857","andrew yang",2019-05-26,12,"US"
"858","andrew yang",2019-06-02,14,"US"
"859","andrew yang",2019-06-09,19,"US"
"860","andrew yang",2019-06-16,18,"US"
"861","andrew yang",2019-06-23,91,"US"
"862","andrew yang",2019-06-30,28,"US"
"863","andrew yang",2019-07-07,18,"US"
"864","andrew yang",2019-07-14,16,"US"
"865","andrew yang",2019-07-21,17,"US"
"866","andrew yang",2019-07-28,100,"US"
"867","andrew yang",2019-08-04,50,"US"
"868","andrew yang",2019-08-11,62,"US"
"869","andrew yang",2019-08-18,37,"US"
"870","andrew yang",2019-08-25,39,"US"
"871","andrew yang",2019-09-01,40,"US"
"872","andrew yang",2019-09-08,95,"US"
"873","andrew yang",2019-09-15,63,"US"
"874","andrew yang",2019-09-22,44,"US"
"875","andrew yang",2019-09-29,49,"US"
"876","andrew yang",2019-10-06,33,"US"
"877","andrew yang",2019-10-13,64,"US"
"878","andrew yang",2019-10-20,34,"US"
"879","andrew yang",2019-10-27,35,"US"
"880","andrew yang",2019-11-03,38,"US"
"881","bernie sanders",2019-02-03,13,"US"
"882","bernie sanders",2019-02-10,8,"US"
"883","bernie sanders",2019-02-17,100,"US"
"884","bernie sanders",2019-02-24,38,"US"
"885","bernie sanders",2019-03-03,29,"US"
"886","bernie sanders",2019-03-10,23,"US"
"887","bernie sanders",2019-03-17,20,"US"
"888","bernie sanders",2019-03-24,14,"US"
"889","bernie sanders",2019-03-31,17,"US"
"890","bernie sanders",2019-04-07,20,"US"
"891","bernie sanders",2019-04-14,37,"US"
"892","bernie sanders",2019-04-21,32,"US"
"893","bernie sanders",2019-04-28,19,"US"
"894","bernie sanders",2019-05-05,13,"US"
"895","bernie sanders",2019-05-12,12,"US"
"896","bernie sanders",2019-05-19,13,"US"
"897","bernie sanders",2019-05-26,11,"US"
"898","bernie sanders",2019-06-02,10,"US"
"899","bernie sanders",2019-06-09,12,"US"
"900","bernie sanders",2019-06-16,12,"US"
"901","bernie sanders",2019-06-23,40,"US"
"902","bernie sanders",2019-06-30,17,"US"
"903","bernie sanders",2019-07-07,12,"US"
"904","bernie sanders",2019-07-14,13,"US"
"905","bernie sanders",2019-07-21,14,"US"
"906","bernie sanders",2019-07-28,31,"US"
"907","bernie sanders",2019-08-04,23,"US"
"908","bernie sanders",2019-08-11,18,"US"
"909","bernie sanders",2019-08-18,19,"US"
"910","bernie sanders",2019-08-25,18,"US"
"911","bernie sanders",2019-09-01,16,"US"
"912","bernie sanders",2019-09-08,26,"US"
"913","bernie sanders",2019-09-15,17,"US"
"914","bernie sanders",2019-09-22,16,"US"
"915","bernie sanders",2019-09-29,67,"US"
"916","bernie sanders",2019-10-06,31,"US"
"917","bernie sanders",2019-10-13,25,"US"
"918","bernie sanders",2019-10-20,20,"US"
"919","bernie sanders",2019-10-27,17,"US"
"920","bernie sanders",2019-11-03,18,"US"
"921","cory booker",2019-02-03,77,"US"
"922","cory booker",2019-02-10,44,"US"
"923","cory booker",2019-02-17,32,"US"
"924","cory booker",2019-02-24,17,"US"
"925","cory booker",2019-03-03,16,"US"
"926","cory booker",2019-03-10,43,"US"
"927","cory booker",2019-03-17,41,"US"
"928","cory booker",2019-03-24,33,"US"
"929","cory booker",2019-03-31,14,"US"
"930","cory booker",2019-04-07,20,"US"
"931","cory booker",2019-04-14,19,"US"
"932","cory booker",2019-04-21,15,"US"
"933","cory booker",2019-04-28,15,"US"
"934","cory booker",2019-05-05,16,"US"
"935","cory booker",2019-05-12,16,"US"
"936","cory booker",2019-05-19,8,"US"
"937","cory booker",2019-05-26,9,"US"
"938","cory booker",2019-06-02,9,"US"
"939","cory booker",2019-06-09,10,"US"
"940","cory booker",2019-06-16,19,"US"
"941","cory booker",2019-06-23,100,"US"
"942","cory booker",2019-06-30,25,"US"
"943","cory booker",2019-07-07,13,"US"
"944","cory booker",2019-07-14,12,"US"
"945","cory booker",2019-07-21,16,"US"
"946","cory booker",2019-07-28,78,"US"
"947","cory booker",2019-08-04,23,"US"
"948","cory booker",2019-08-11,15,"US"
"949","cory booker",2019-08-18,9,"US"
"950","cory booker",2019-08-25,9,"US"
"951","cory booker",2019-09-01,10,"US"
"952","cory booker",2019-09-08,39,"US"
"953","cory booker",2019-09-15,16,"US"
"954","cory booker",2019-09-22,17,"US"
"955","cory booker",2019-09-29,14,"US"
"956","cory booker",2019-10-06,12,"US"
"957","cory booker",2019-10-13,33,"US"
"958","cory booker",2019-10-20,15,"US"
"959","cory booker",2019-10-27,12,"US"
"960","cory booker",2019-11-03,11,"US"
"961","elizabeth warren",2019-02-03,69,"US"
"962","elizabeth warren",2019-02-10,57,"US"
"963","elizabeth warren",2019-02-17,27,"US"
"964","elizabeth warren",2019-02-24,15,"US"
"965","elizabeth warren",2019-03-03,18,"US"
"966","elizabeth warren",2019-03-10,22,"US"
"967","elizabeth warren",2019-03-17,26,"US"
"968","elizabeth warren",2019-03-24,16,"US"
"969","elizabeth warren",2019-03-31,14,"US"
"970","elizabeth warren",2019-04-07,13,"US"
"971","elizabeth warren",2019-04-14,18,"US"
"972","elizabeth warren",2019-04-21,54,"US"
"973","elizabeth warren",2019-04-28,23,"US"
"974","elizabeth warren",2019-05-05,20,"US"
"975","elizabeth warren",2019-05-12,24,"US"
"976","elizabeth warren",2019-05-19,19,"US"
"977","elizabeth warren",2019-05-26,25,"US"
"978","elizabeth warren",2019-06-02,32,"US"
"979","elizabeth warren",2019-06-09,33,"US"
"980","elizabeth warren",2019-06-16,37,"US"
"981","elizabeth warren",2019-06-23,100,"US"
"982","elizabeth warren",2019-06-30,34,"US"
"983","elizabeth warren",2019-07-07,26,"US"
"984","elizabeth warren",2019-07-14,24,"US"
"985","elizabeth warren",2019-07-21,26,"US"
"986","elizabeth warren",2019-07-28,73,"US"
"987","elizabeth warren",2019-08-04,38,"US"
"988","elizabeth warren",2019-08-11,37,"US"
"989","elizabeth warren",2019-08-18,50,"US"
"990","elizabeth warren",2019-08-25,43,"US"
"991","elizabeth warren",2019-09-01,33,"US"
"992","elizabeth warren",2019-09-08,72,"US"
"993","elizabeth warren",2019-09-15,70,"US"
"994","elizabeth warren",2019-09-22,68,"US"
"995","elizabeth warren",2019-09-29,87,"US"
"996","elizabeth warren",2019-10-06,87,"US"
"997","elizabeth warren",2019-10-13,96,"US"
"998","elizabeth warren",2019-10-20,45,"US"
"999","elizabeth warren",2019-10-27,42,"US"
"1000","elizabeth warren",2019-11-03,63,"US"
"1001","joe biden",2019-02-03,8,"US"
"1002","joe biden",2019-02-10,12,"US"
"1003","joe biden",2019-02-17,22,"US"
"1004","joe biden",2019-02-24,14,"US"
"1005","joe biden",2019-03-03,16,"US"
"1006","joe biden",2019-03-10,27,"US"
"1007","joe biden",2019-03-17,28,"US"
"1008","joe biden",2019-03-24,22,"US"
"1009","joe biden",2019-03-31,99,"US"
"1010","joe biden",2019-04-07,27,"US"
"1011","joe biden",2019-04-14,16,"US"
"1012","joe biden",2019-04-21,100,"US"
"1013","joe biden",2019-04-28,54,"US"
"1014","joe biden",2019-05-05,34,"US"
"1015","joe biden",2019-05-12,23,"US"
"1016","joe biden",2019-05-19,20,"US"
"1017","joe biden",2019-05-26,22,"US"
"1018","joe biden",2019-06-02,18,"US"
"1019","joe biden",2019-06-09,26,"US"
"1020","joe biden",2019-06-16,28,"US"
"1021","joe biden",2019-06-23,55,"US"
"1022","joe biden",2019-06-30,26,"US"
"1023","joe biden",2019-07-07,16,"US"
"1024","joe biden",2019-07-14,13,"US"
"1025","joe biden",2019-07-21,12,"US"
"1026","joe biden",2019-07-28,42,"US"
"1027","joe biden",2019-08-04,34,"US"
"1028","joe biden",2019-08-11,22,"US"
"1029","joe biden",2019-08-18,18,"US"
"1030","joe biden",2019-08-25,20,"US"
"1031","joe biden",2019-09-01,24,"US"
"1032","joe biden",2019-09-08,37,"US"
"1033","joe biden",2019-09-15,28,"US"
"1034","joe biden",2019-09-22,47,"US"
"1035","joe biden",2019-09-29,34,"US"
"1036","joe biden",2019-10-06,24,"US"
"1037","joe biden",2019-10-13,27,"US"
"1038","joe biden",2019-10-20,15,"US"
"1039","joe biden",2019-10-27,20,"US"
"1040","joe biden",2019-11-03,17,"US"
"1041","julian castro",2019-02-03,5,"US"
"1042","julian castro",2019-02-10,6,"US"
"1043","julian castro",2019-02-17,6,"US"
"1044","julian castro",2019-02-24,6,"US"
"1045","julian castro",2019-03-03,4,"US"
"1046","julian castro",2019-03-10,8,"US"
"1047","julian castro",2019-03-17,5,"US"
"1048","julian castro",2019-03-24,3,"US"
"1049","julian castro",2019-03-31,12,"US"
"1050","julian castro",2019-04-07,11,"US"
"1051","julian castro",2019-04-14,5,"US"
"1052","julian castro",2019-04-21,6,"US"
"1053","julian castro",2019-04-28,4,"US"
"1054","julian castro",2019-05-05,3,"US"
"1055","julian castro",2019-05-12,3,"US"
"1056","julian castro",2019-05-19,3,"US"
"1057","julian castro",2019-05-26,2,"US"
"1058","julian castro",2019-06-02,3,"US"
"1059","julian castro",2019-06-09,7,"US"
"1060","julian castro",2019-06-16,4,"US"
"1061","julian castro",2019-06-23,100,"US"
"1062","julian castro",2019-06-30,27,"US"
"1063","julian castro",2019-07-07,8,"US"
"1064","julian castro",2019-07-14,7,"US"
"1065","julian castro",2019-07-21,7,"US"
"1066","julian castro",2019-07-28,31,"US"
"1067","julian castro",2019-08-04,18,"US"
"1068","julian castro",2019-08-11,10,"US"
"1069","julian castro",2019-08-18,8,"US"
"1070","julian castro",2019-08-25,5,"US"
"1071","julian castro",2019-09-01,6,"US"
"1072","julian castro",2019-09-08,40,"US"
"1073","julian castro",2019-09-15,11,"US"
"1074","julian castro",2019-09-22,7,"US"
"1075","julian castro",2019-09-29,6,"US"
"1076","julian castro",2019-10-06,6,"US"
"1077","julian castro",2019-10-13,17,"US"
"1078","julian castro",2019-10-20,7,"US"
"1079","julian castro",2019-10-27,8,"US"
"1080","julian castro",2019-11-03,7,"US"
"1081","kamala harris",2019-02-03,27,"US"
"1082","kamala harris",2019-02-10,36,"US"
"1083","kamala harris",2019-02-17,40,"US"
"1084","kamala harris",2019-02-24,18,"US"
"1085","kamala harris",2019-03-03,11,"US"
"1086","kamala harris",2019-03-10,10,"US"
"1087","kamala harris",2019-03-17,12,"US"
"1088","kamala harris",2019-03-24,12,"US"
"1089","kamala harris",2019-03-31,10,"US"
"1090","kamala harris",2019-04-07,7,"US"
"1091","kamala harris",2019-04-14,9,"US"
"1092","kamala harris",2019-04-21,14,"US"
"1093","kamala harris",2019-04-28,21,"US"
"1094","kamala harris",2019-05-05,9,"US"
"1095","kamala harris",2019-05-12,10,"US"
"1096","kamala harris",2019-05-19,8,"US"
"1097","kamala harris",2019-05-26,10,"US"
"1098","kamala harris",2019-06-02,14,"US"
"1099","kamala harris",2019-06-09,7,"US"
"1100","kamala harris",2019-06-16,7,"US"
"1101","kamala harris",2019-06-23,100,"US"
"1102","kamala harris",2019-06-30,75,"US"
"1103","kamala harris",2019-07-07,26,"US"
"1104","kamala harris",2019-07-14,16,"US"
"1105","kamala harris",2019-07-21,13,"US"
"1106","kamala harris",2019-07-28,52,"US"
"1107","kamala harris",2019-08-04,15,"US"
"1108","kamala harris",2019-08-11,12,"US"
"1109","kamala harris",2019-08-18,10,"US"
"1110","kamala harris",2019-08-25,7,"US"
"1111","kamala harris",2019-09-01,7,"US"
"1112","kamala harris",2019-09-08,21,"US"
"1113","kamala harris",2019-09-15,12,"US"
"1114","kamala harris",2019-09-22,8,"US"
"1115","kamala harris",2019-09-29,13,"US"
"1116","kamala harris",2019-10-06,9,"US"
"1117","kamala harris",2019-10-13,13,"US"
"1118","kamala harris",2019-10-20,7,"US"
"1119","kamala harris",2019-10-27,9,"US"
"1120","kamala harris",2019-11-03,13,"US"
"1121","pete buttigieg",2019-02-03,2,"US"
"1122","pete buttigieg",2019-02-10,6,"US"
"1123","pete buttigieg",2019-02-17,6,"US"
"1124","pete buttigieg",2019-02-24,4,"US"
"1125","pete buttigieg",2019-03-03,4,"US"
"1126","pete buttigieg",2019-03-10,20,"US"
"1127","pete buttigieg",2019-03-17,31,"US"
"1128","pete buttigieg",2019-03-24,42,"US"
"1129","pete buttigieg",2019-03-31,54,"US"
"1130","pete buttigieg",2019-04-07,47,"US"
"1131","pete buttigieg",2019-04-14,100,"US"
"1132","pete buttigieg",2019-04-21,48,"US"
"1133","pete buttigieg",2019-04-28,29,"US"
"1134","pete buttigieg",2019-05-05,19,"US"
"1135","pete buttigieg",2019-05-12,21,"US"
"1136","pete buttigieg",2019-05-19,37,"US"
"1137","pete buttigieg",2019-05-26,18,"US"
"1138","pete buttigieg",2019-06-02,15,"US"
"1139","pete buttigieg",2019-06-09,16,"US"
"1140","pete buttigieg",2019-06-16,18,"US"
"1141","pete buttigieg",2019-06-23,57,"US"
"1142","pete buttigieg",2019-06-30,22,"US"
"1143","pete buttigieg",2019-07-07,13,"US"
"1144","pete buttigieg",2019-07-14,15,"US"
"1145","pete buttigieg",2019-07-21,12,"US"
"1146","pete buttigieg",2019-07-28,30,"US"
"1147","pete buttigieg",2019-08-04,13,"US"
"1148","pete buttigieg",2019-08-11,10,"US"
"1149","pete buttigieg",2019-08-18,9,"US"
"1150","pete buttigieg",2019-08-25,8,"US"
"1151","pete buttigieg",2019-09-01,11,"US"
"1152","pete buttigieg",2019-09-08,22,"US"
"1153","pete buttigieg",2019-09-15,13,"US"
"1154","pete buttigieg",2019-09-22,10,"US"
"1155","pete buttigieg",2019-09-29,9,"US"
"1156","pete buttigieg",2019-10-06,9,"US"
"1157","pete buttigieg",2019-10-13,27,"US"
"1158","pete buttigieg",2019-10-20,21,"US"
"1159","pete buttigieg",2019-10-27,15,"US"
"1160","pete buttigieg",2019-11-03,23,"US"
"1161","tulsi gabbard",2019-02-03,12,"US"
"1162","tulsi gabbard",2019-02-10,8,"US"
"1163","tulsi gabbard",2019-02-17,9,"US"
"1164","tulsi gabbard",2019-02-24,5,"US"
"1165","tulsi gabbard",2019-03-03,4,"US"
"1166","tulsi gabbard",2019-03-10,9,"US"
"1167","tulsi gabbard",2019-03-17,5,"US"
"1168","tulsi gabbard",2019-03-24,5,"US"
"1169","tulsi gabbard",2019-03-31,4,"US"
"1170","tulsi gabbard",2019-04-07,4,"US"
"1171","tulsi gabbard",2019-04-14,4,"US"
"1172","tulsi gabbard",2019-04-21,4,"US"
"1173","tulsi gabbard",2019-04-28,4,"US"
"1174","tulsi gabbard",2019-05-05,4,"US"
"1175","tulsi gabbard",2019-05-12,17,"US"
"1176","tulsi gabbard",2019-05-19,8,"US"
"1177","tulsi gabbard",2019-05-26,4,"US"
"1178","tulsi gabbard",2019-06-02,3,"US"
"1179","tulsi gabbard",2019-06-09,5,"US"
"1180","tulsi gabbard",2019-06-16,4,"US"
"1181","tulsi gabbard",2019-06-23,54,"US"
"1182","tulsi gabbard",2019-06-30,13,"US"
"1183","tulsi gabbard",2019-07-07,6,"US"
"1184","tulsi gabbard",2019-07-14,5,"US"
"1185","tulsi gabbard",2019-07-21,11,"US"
"1186","tulsi gabbard",2019-07-28,100,"US"
"1187","tulsi gabbard",2019-08-04,24,"US"
"1188","tulsi gabbard",2019-08-11,12,"US"
"1189","tulsi gabbard",2019-08-18,9,"US"
"1190","tulsi gabbard",2019-08-25,13,"US"
"1191","tulsi gabbard",2019-09-01,7,"US"
"1192","tulsi gabbard",2019-09-08,11,"US"
"1193","tulsi gabbard",2019-09-15,9,"US"
"1194","tulsi gabbard",2019-09-22,12,"US"
"1195","tulsi gabbard",2019-09-29,6,"US"
"1196","tulsi gabbard",2019-10-06,7,"US"
"1197","tulsi gabbard",2019-10-13,79,"US"
"1198","tulsi gabbard",2019-10-20,54,"US"
"1199","tulsi gabbard",2019-10-27,20,"US"
"1200","tulsi gabbard",2019-11-03,20,"US"
